number,record_time,soc,pack_voltage,charge_current,max_cell_voltage,min_cell_voltage,max_temperature,min_temperature,available_energy,available_capacity,charging_duration_seconds
1202,2019-07-27 11:04:05,20.0,326.1,-45.39999,3.638,3.618,35,34,9.07,27.26,0.0
1203,2019-07-27 11:04:13,20.0,326.3,-45.39999,3.64,3.621,35,34,9.099999,27.37,8.0
1204,2019-07-27 11:04:21,20.0,326.4,-45.30002,3.642,3.623,35,34,9.139999,27.49,16.0
1205,2019-07-27 11:04:29,20.4,326.6,-45.30002,3.644,3.624,35,34,9.17,27.59,24.0
1206,2019-07-27 11:04:37,20.4,326.6,-45.30002,3.644,3.625,35,34,9.2,27.67,32.0
1207,2019-07-27 11:04:45,20.4,326.7,-45.30002,3.646,3.625,35,34,9.23,27.77,40.0
1208,2019-07-27 11:04:53,20.4,326.7,-45.30002,3.647,3.627,35,34,9.27,27.88,48.0
1209,2019-07-27 11:05:01,20.4,326.9,-45.30002,3.647,3.627,35,34,9.3,27.98,56.0
1210,2019-07-27 11:05:09,20.8,326.9,-45.30002,3.648,3.629,35,34,9.34,28.08,64.0
1211,2019-07-27 11:05:17,20.8,327.1,-45.30002,3.649,3.629,35,34,9.37,28.18,72.0
1212,2019-07-27 11:05:25,20.8,327.1,-45.30002,3.649,3.629,35,34,9.4,28.29,80.0
1213,2019-07-27 11:05:33,20.8,327.1,-45.30002,3.65,3.63,35,34,9.45,28.4,88.0
1214,2019-07-27 11:05:41,20.8,327.2,-45.30002,3.651,3.631,36,34,9.48,28.52,96.0
1215,2019-07-27 11:05:49,21.2,327.2,-45.30002,3.651,3.632,36,34,9.52,28.62,104.0
1216,2019-07-27 11:05:57,21.2,327.2,-45.30002,3.652,3.633,35,34,9.55,28.72,112.0
1217,2019-07-27 11:06:05,21.2,327.4,-45.30002,3.652,3.632,35,34,9.58,28.8,120.0
1218,2019-07-27 11:06:13,21.2,327.4,-45.30002,3.653,3.633,36,34,9.62,28.92,128.0
1219,2019-07-27 11:06:21,21.2,327.4,-45.30002,3.653,3.633,36,34,9.65,29.02,136.0
1220,2019-07-27 11:06:29,21.2,327.4,-45.30002,3.653,3.634,36,34,9.679999,29.12,144.0
1221,2019-07-27 11:06:37,21.6,327.4,-45.30002,3.654,3.634,36,34,9.71,29.21,152.0
1222,2019-07-27 11:06:45,21.6,327.5,-45.30002,3.654,3.635,36,34,9.75,29.31,160.0
1223,2019-07-27 11:06:53,21.6,327.5,-45.30002,3.655,3.635,36,34,9.78,29.41,168.0
1224,2019-07-27 11:07:01,21.6,327.5,-45.30002,3.655,3.636,36,34,9.82,29.53,176.0
1225,2019-07-27 11:07:09,21.6,327.5,-45.30002,3.655,3.636,36,34,9.86,29.63,184.0
1226,2019-07-27 11:07:17,22.0,327.7,-45.30002,3.656,3.637,36,34,9.889999,29.74,192.0
1227,2019-07-27 11:07:25,22.0,327.7,-45.30002,3.656,3.637,36,34,9.929999,29.84,200.0
1228,2019-07-27 11:07:33,22.0,327.7,-45.30002,3.657,3.638,36,34,9.96,29.95,208.0
1229,2019-07-27 11:07:41,22.0,327.7,-45.30002,3.657,3.638,36,34,9.99,30.05,216.0
1230,2019-07-27 11:07:49,22.0,327.7,-45.30002,3.657,3.637,36,34,10.02,30.15,224.0
1231,2019-07-27 11:07:57,22.4,327.8,-45.30002,3.657,3.639,36,34,10.06,30.25,232.0
1232,2019-07-27 11:08:05,22.4,327.8,-45.30002,3.658,3.639,36,34,10.09,30.35,240.0
1233,2019-07-27 11:08:13,22.4,327.8,-45.30002,3.659,3.639,36,34,10.12,30.45,248.0
1234,2019-07-27 11:08:21,22.4,327.8,-45.30002,3.658,3.639,36,34,10.17,30.56,256.0
1235,2019-07-27 11:08:29,22.4,327.8,-45.30002,3.659,3.639,36,34,10.19,30.66,264.0
1236,2019-07-27 11:08:37,22.8,327.8,-45.30002,3.659,3.639,36,34,10.23,30.76,272.0
1237,2019-07-27 11:08:45,22.8,327.8,-45.30002,3.66,3.64,36,34,10.27,30.86,280.0
1238,2019-07-27 11:08:53,22.8,328.0,-45.30002,3.66,3.641,36,34,10.3,30.98,288.0
1239,2019-07-27 11:09:01,22.8,328.0,-45.30002,3.66,3.641,36,34,10.34,31.07,296.0
1240,2019-07-27 11:09:09,22.8,328.0,-45.20001,3.66,3.641,36,34,10.37,31.17,304.0
1241,2019-07-27 11:09:17,22.8,328.0,-45.20001,3.66,3.641,36,34,10.4,31.28,312.0
1242,2019-07-27 11:09:25,23.2,328.2,-45.30002,3.661,3.641,36,34,10.43,31.38,320.0
1243,2019-07-27 11:09:33,23.2,328.2,-45.30002,3.661,3.642,36,34,10.47,31.48,328.0
1244,2019-07-27 11:09:41,23.2,328.2,-45.30002,3.661,3.642,36,34,10.5,31.58,336.0
1245,2019-07-27 11:09:49,23.2,328.2,-45.20001,3.661,3.643,36,34,10.54,31.69,344.0
1246,2019-07-27 11:09:57,23.2,328.2,-45.30002,3.662,3.643,36,34,10.58,31.79,352.0
1247,2019-07-27 11:10:05,23.6,328.2,-45.20001,3.662,3.643,36,34,10.6,31.89,360.0
1248,2019-07-27 11:10:13,23.6,328.2,-45.20001,3.662,3.643,36,34,10.65,32.01,368.0
1249,2019-07-27 11:10:21,23.6,328.3,-45.30002,3.663,3.643,36,34,10.68,32.11,376.0
1250,2019-07-27 11:10:29,23.6,328.3,-45.30002,3.662,3.644,36,34,10.71,32.21,384.0
1251,2019-07-27 11:10:37,23.6,328.2,-45.20001,3.662,3.644,36,34,10.74,32.31,392.0
1252,2019-07-27 11:10:45,24.0,328.3,-45.30002,3.663,3.644,36,34,10.78,32.43,400.0
1253,2019-07-27 11:10:53,24.0,328.3,-45.20001,3.663,3.645,36,34,10.81,32.5,408.0
1254,2019-07-27 11:11:01,24.0,328.3,-45.30002,3.663,3.644,36,34,10.84,32.6,416.0
1255,2019-07-27 11:11:09,24.0,328.3,-45.30002,3.664,3.645,36,34,10.87,32.69,424.0
1256,2019-07-27 11:11:17,24.0,328.5,-45.30002,3.664,3.644,36,34,10.91,32.82,432.0
1257,2019-07-27 11:11:25,24.0,328.5,-45.30002,3.664,3.646,36,34,10.95,32.92,440.0
1258,2019-07-27 11:11:33,24.4,328.5,-45.30002,3.664,3.646,36,34,10.98,33.02,448.0
1259,2019-07-27 11:11:41,24.4,328.5,-45.20001,3.664,3.646,36,34,11.01,33.12,456.0
1260,2019-07-27 11:11:49,24.4,328.5,-45.20001,3.664,3.646,36,34,11.06,33.24,464.0
1261,2019-07-27 11:11:57,24.4,328.5,-45.20001,3.664,3.646,36,34,11.09,33.34,472.0
1262,2019-07-27 11:12:05,24.4,328.5,-45.30002,3.665,3.647,36,34,11.12,33.44,480.0
1263,2019-07-27 11:12:13,24.8,328.5,-45.20001,3.666,3.646,36,34,11.16,33.55,488.0
1264,2019-07-27 11:12:21,24.8,328.5,-45.30002,3.666,3.647,36,34,11.19,33.64,496.0
1265,2019-07-27 11:12:29,24.8,328.5,-45.30002,3.666,3.647,36,34,11.22,33.73,504.0
1266,2019-07-27 11:12:37,24.8,328.6,-45.30002,3.666,3.648,36,34,11.25,33.83,512.0
1267,2019-07-27 11:12:45,24.8,328.6,-45.30002,3.666,3.649,36,34,11.29,33.93,520.0
1268,2019-07-27 11:12:53,25.2,328.6,-45.20001,3.666,3.648,36,34,11.32,34.05,528.0
1269,2019-07-27 11:13:01,25.2,328.6,-45.20001,3.667,3.648,36,34,11.36,34.15,536.0
1270,2019-07-27 11:13:09,25.2,328.6,-45.20001,3.667,3.649,36,34,11.39,34.25,544.0
1271,2019-07-27 11:13:17,25.2,328.6,-45.30002,3.667,3.648,36,34,11.43,34.37,552.0
1272,2019-07-27 11:13:25,25.2,328.8,-45.30002,3.668,3.649,36,34,11.47,34.47,560.0
1273,2019-07-27 11:13:33,25.2,328.8,-45.30002,3.668,3.65,36,34,11.5,34.57,568.0
1274,2019-07-27 11:13:41,25.6,328.8,-45.30002,3.667,3.65,36,34,11.54,34.68,576.0
1275,2019-07-27 11:13:49,25.6,328.8,-45.30002,3.668,3.65,36,34,11.57,34.78,584.0
1276,2019-07-27 11:13:57,25.6,328.8,-45.30002,3.669,3.65,36,34,11.6,34.88,592.0
1277,2019-07-27 11:14:05,25.6,328.8,-45.30002,3.668,3.65,36,34,11.63,34.97,600.0
1278,2019-07-27 11:14:13,25.6,328.8,-45.30002,3.669,3.65,36,34,11.67,35.08,608.0
1279,2019-07-27 11:14:21,26.0,328.8,-45.20001,3.669,3.651,36,34,11.7,35.19,616.0
1280,2019-07-27 11:14:29,26.0,328.9,-45.30002,3.669,3.65,36,34,11.73,35.28,624.0
1281,2019-07-27 11:14:37,26.0,328.9,-45.30002,3.669,3.651,36,34,11.77,35.38,632.0
1282,2019-07-27 11:14:45,26.0,328.9,-45.30002,3.669,3.651,36,34,11.8,35.5,640.0
1283,2019-07-27 11:14:53,26.0,328.9,-45.30002,3.669,3.652,36,34,11.84,35.59,648.0
1284,2019-07-27 11:15:01,26.4,328.9,-45.30002,3.67,3.652,36,34,11.87,35.7,656.0
1285,2019-07-27 11:15:09,26.4,328.9,-45.20001,3.671,3.652,36,34,11.91,35.81,664.0
1286,2019-07-27 11:15:17,26.4,328.9,-45.30002,3.67,3.652,36,34,11.94,35.91,672.0
1287,2019-07-27 11:15:25,26.4,328.9,-45.30002,3.671,3.652,36,34,11.98,36.01,680.0
1288,2019-07-27 11:15:33,26.4,329.1,-45.30002,3.671,3.652,36,34,12.01,36.1,688.0
1289,2019-07-27 11:15:41,26.4,328.9,-45.30002,3.671,3.653,36,34,12.04,36.21,696.0
1290,2019-07-27 11:15:49,26.8,329.1,-45.30002,3.671,3.653,36,34,12.08,36.31,704.0
1291,2019-07-27 11:15:57,26.8,329.1,-45.30002,3.672,3.653,36,34,12.11,36.41,712.0
1292,2019-07-27 11:16:05,26.8,329.1,-45.30002,3.672,3.654,36,34,12.14,36.51,720.0
1293,2019-07-27 11:16:13,26.8,329.1,-45.20001,3.672,3.654,36,34,12.18,36.61,728.0
1294,2019-07-27 11:16:21,26.8,329.1,-45.20001,3.672,3.654,36,34,12.21,36.73,736.0
1295,2019-07-27 11:16:29,27.2,329.2,-45.20001,3.673,3.654,36,34,12.25,36.83,744.0
1296,2019-07-27 11:16:37,27.2,329.2,-45.30002,3.673,3.655,36,34,12.29,36.95,752.0
1297,2019-07-27 11:16:45,27.2,329.2,-45.30002,3.673,3.654,36,34,12.32,37.05,760.0
1298,2019-07-27 11:16:53,27.2,329.2,-45.30002,3.673,3.655,36,34,12.35,37.14,768.0
1299,2019-07-27 11:17:01,27.2,329.2,-45.30002,3.673,3.655,36,34,12.39,37.24,776.0
1300,2019-07-27 11:17:09,27.6,329.2,-45.30002,3.673,3.656,36,34,12.42,37.34,784.0
1301,2019-07-27 11:17:17,27.6,329.2,-45.20001,3.674,3.656,36,34,12.45,37.44,792.0
1302,2019-07-27 11:17:25,27.6,329.2,-45.20001,3.674,3.656,36,34,12.49,37.54,800.0
1303,2019-07-27 11:17:33,27.6,329.2,-45.30002,3.675,3.656,36,34,12.52,37.64,808.0
1304,2019-07-27 11:17:41,27.6,329.4,-45.30002,3.674,3.656,36,34,12.56,37.76,816.0
1305,2019-07-27 11:17:49,28.0,329.4,-45.20001,3.675,3.656,36,34,12.59,37.86,824.0
1306,2019-07-27 11:17:57,28.0,329.4,-45.20001,3.675,3.656,36,34,12.62,37.96,832.0
1307,2019-07-27 11:18:05,28.0,329.4,-45.30002,3.675,3.656,36,34,12.66,38.07,840.0
1308,2019-07-27 11:18:13,28.0,329.4,-45.20001,3.675,3.658,36,34,12.7,38.18,848.0
1309,2019-07-27 11:18:21,28.0,329.4,-45.30002,3.676,3.658,36,34,12.73,38.28,856.0
1310,2019-07-27 11:18:29,28.0,329.4,-45.20001,3.676,3.657,36,34,12.76,38.38,864.0
1311,2019-07-27 11:18:37,28.4,329.6,-45.20001,3.676,3.658,36,34,12.8,38.47,872.0
1312,2019-07-27 11:18:45,28.4,329.6,-45.20001,3.676,3.657,36,34,12.83,38.57,880.0
1313,2019-07-27 11:18:53,28.4,329.6,-45.20001,3.677,3.657,36,34,12.86,38.67,888.0
1314,2019-07-27 11:19:01,28.4,329.6,-45.20001,3.677,3.658,36,34,12.9,38.77,896.0
1315,2019-07-27 11:19:09,28.4,329.6,-45.30002,3.677,3.659,36,34,12.93,38.87,904.0
1316,2019-07-27 11:19:17,28.8,329.6,-45.20001,3.677,3.658,36,34,12.97,38.99,912.0
1317,2019-07-27 11:19:25,28.8,329.6,-45.20001,3.678,3.659,36,34,13.0,39.09,920.0
1318,2019-07-27 11:19:33,28.8,329.7,-45.30002,3.678,3.659,36,34,13.04,39.2,928.0
1319,2019-07-27 11:19:41,28.8,329.6,-45.30002,3.677,3.66,36,34,13.07,39.3,936.0
1320,2019-07-27 11:19:49,28.8,329.6,-45.30002,3.678,3.66,36,34,13.11,39.4,944.0
1321,2019-07-27 11:19:57,29.2,329.7,-45.20001,3.678,3.66,36,34,13.14,39.5,952.0
1322,2019-07-27 11:20:05,29.2,329.7,-45.30002,3.679,3.66,36,34,13.17,39.61,960.0
1323,2019-07-27 11:20:13,29.2,329.7,-45.20001,3.679,3.659,36,35,13.21,39.72,968.0
1324,2019-07-27 11:20:21,29.2,329.7,-45.20001,3.679,3.66,36,34,13.23,39.8,976.0
1325,2019-07-27 11:20:29,29.2,329.7,-45.30002,3.679,3.661,36,35,13.27,39.9,984.0
1326,2019-07-27 11:20:37,29.2,329.9,-45.30002,3.679,3.661,36,35,13.31,40.0,992.0
1327,2019-07-27 11:20:45,29.6,329.9,-45.20001,3.679,3.661,36,35,13.34,40.12,1000.0
1328,2019-07-27 11:20:53,29.6,329.9,-45.30002,3.679,3.661,36,35,13.38,40.22,1008.0
1329,2019-07-27 11:21:01,29.6,329.9,-45.20001,3.68,3.662,36,35,13.41,40.33,1016.0
1330,2019-07-27 11:21:09,29.6,329.9,-45.30002,3.681,3.661,36,35,13.45,40.43,1024.0
1331,2019-07-27 11:21:17,29.6,329.9,-45.20001,3.681,3.662,36,35,13.48,40.53,1032.0
1332,2019-07-27 11:21:25,30.0,329.9,-45.30002,3.68,3.662,36,35,13.51,40.63,1040.0
1333,2019-07-27 11:21:33,30.0,329.9,-45.20001,3.682,3.662,36,35,13.55,40.73,1048.0
1334,2019-07-27 11:21:41,30.0,329.9,-45.20001,3.681,3.662,36,35,13.59,40.85,1056.0
1335,2019-07-27 11:21:49,30.0,329.9,-45.20001,3.682,3.662,36,35,13.62,40.95,1064.0
1336,2019-07-27 11:21:57,30.0,329.9,-45.20001,3.681,3.663,36,35,13.64,41.04,1072.0
1337,2019-07-27 11:22:05,30.4,330.0,-45.30002,3.682,3.663,36,35,13.68,41.13,1080.0
1338,2019-07-27 11:22:13,30.4,330.0,-45.30002,3.682,3.664,36,35,13.72,41.25,1088.0
1339,2019-07-27 11:22:21,30.4,330.0,-45.20001,3.682,3.663,36,35,13.75,41.35,1096.0
1340,2019-07-27 11:22:29,30.4,330.0,-45.20001,3.682,3.664,36,35,13.79,41.47,1104.0
1341,2019-07-27 11:22:37,30.4,330.0,-45.30002,3.683,3.664,36,35,13.82,41.57,1112.0
1342,2019-07-27 11:22:45,30.8,330.2,-45.20001,3.683,3.664,36,35,13.86,41.66,1120.0
1343,2019-07-27 11:22:53,30.8,330.0,-45.20001,3.683,3.665,36,35,13.89,41.76,1128.0
1344,2019-07-27 11:23:01,30.8,330.2,-45.30002,3.683,3.665,36,35,13.92,41.86,1136.0
1345,2019-07-27 11:23:09,30.8,330.2,-45.20001,3.684,3.666,36,35,13.96,41.98,1144.0
1346,2019-07-27 11:23:17,30.8,330.2,-45.20001,3.684,3.665,36,35,13.99,42.06,1152.0
1347,2019-07-27 11:23:25,30.8,330.2,-45.20001,3.684,3.666,36,35,14.03,42.16,1160.0
1348,2019-07-27 11:23:33,31.2,330.2,-45.20001,3.684,3.665,36,35,14.05,42.26,1168.0
1349,2019-07-27 11:23:41,31.2,330.2,-45.20001,3.684,3.666,36,35,14.09,42.37,1176.0
1350,2019-07-27 11:23:49,31.2,330.2,-45.20001,3.684,3.665,36,35,14.13,42.48,1184.0
1351,2019-07-27 11:23:57,31.2,330.3,-45.30002,3.685,3.666,36,35,14.17,42.6,1192.0
1352,2019-07-27 11:24:05,31.2,330.3,-45.30002,3.685,3.666,36,35,14.2,42.7,1200.0
1353,2019-07-27 11:24:13,31.6,330.3,-45.20001,3.685,3.667,36,35,14.23,42.8,1208.0
1354,2019-07-27 11:24:21,31.6,330.3,-45.20001,3.685,3.667,36,35,14.27,42.9,1216.0
1355,2019-07-27 11:24:29,31.6,330.3,-45.20001,3.686,3.667,36,35,14.3,42.99,1224.0
1356,2019-07-27 11:24:37,31.6,330.5,-45.20001,3.686,3.667,36,35,14.34,43.11,1232.0
1357,2019-07-27 11:24:45,31.6,330.3,-45.30002,3.686,3.667,36,35,14.37,43.21,1240.0
1358,2019-07-27 11:24:53,32.0,330.3,-45.20001,3.686,3.668,36,35,14.41,43.31,1248.0
1359,2019-07-27 11:25:01,32.0,330.5,-45.20001,3.686,3.668,36,35,14.43,43.39,1256.0
1360,2019-07-27 11:25:09,32.0,330.5,-45.20001,3.687,3.668,36,35,14.46,43.49,1264.0
1361,2019-07-27 11:25:17,32.0,330.5,-45.20001,3.687,3.668,36,35,14.51,43.61,1272.0
1362,2019-07-27 11:25:25,32.0,330.5,-45.20001,3.687,3.669,36,35,14.54,43.72,1280.0
1363,2019-07-27 11:25:33,32.0,330.5,-45.20001,3.688,3.668,36,35,14.58,43.82,1288.0
1364,2019-07-27 11:25:41,32.4,330.7,-45.20001,3.688,3.67,36,35,14.61,43.93,1296.0
1365,2019-07-27 11:25:49,32.4,330.5,-45.20001,3.688,3.669,36,35,14.64,44.03,1304.0
1366,2019-07-27 11:25:57,32.4,330.7,-45.20001,3.689,3.67,36,35,14.67,44.13,1312.0
1367,2019-07-27 11:26:05,32.4,330.7,-45.20001,3.688,3.67,36,35,14.72,44.24,1320.0
1368,2019-07-27 11:26:13,32.4,330.7,-45.20001,3.689,3.67,36,35,14.74,44.34,1328.0
1369,2019-07-27 11:26:21,32.8,330.7,-45.30002,3.69,3.67,36,35,14.78,44.44,1336.0
1370,2019-07-27 11:26:29,32.8,330.7,-45.20001,3.69,3.671,36,35,14.81,44.52,1344.0
1371,2019-07-27 11:26:37,32.8,330.7,-45.20001,3.69,3.671,36,35,14.84,44.62,1352.0
1372,2019-07-27 11:26:45,32.8,330.7,-45.20001,3.69,3.672,36,35,14.88,44.74,1360.0
1373,2019-07-27 11:26:53,32.8,330.8,-45.20001,3.69,3.671,36,35,14.92,44.85,1368.0
1374,2019-07-27 11:27:01,33.2,330.8,-45.20001,3.69,3.672,36,35,14.95,44.95,1376.0
1375,2019-07-27 11:27:09,33.2,330.8,-45.20001,3.69,3.671,36,35,14.99,45.05,1384.0
1376,2019-07-27 11:27:18,33.2,330.8,-45.20001,3.691,3.672,36,35,15.02,45.15,1393.0
1377,2019-07-27 11:27:26,33.2,330.8,-45.20001,3.691,3.672,36,35,15.05,45.25,1401.0
1378,2019-07-27 11:27:34,33.2,330.8,-45.20001,3.69,3.673,36,35,15.08,45.36,1409.0
1379,2019-07-27 11:27:42,33.6,331.0,-45.20001,3.691,3.673,36,35,15.12,45.47,1417.0
1380,2019-07-27 11:27:50,33.6,331.0,-45.20001,3.692,3.673,36,35,15.15,45.57,1425.0
1381,2019-07-27 11:27:58,33.6,331.0,-45.20001,3.691,3.673,36,35,15.19,45.67,1433.0
1382,2019-07-27 11:28:06,33.6,331.0,-45.20001,3.692,3.675,37,35,15.23,45.77,1441.0
1383,2019-07-27 11:28:14,33.6,331.0,-45.20001,3.693,3.674,37,35,15.25,45.87,1449.0
1384,2019-07-27 11:28:22,33.6,331.0,-45.20001,3.693,3.674,37,35,15.3,45.99,1457.0
1385,2019-07-27 11:28:30,34.0,331.0,-45.30002,3.693,3.675,37,35,15.33,46.09,1465.0
1386,2019-07-27 11:28:38,34.0,331.1,-45.20001,3.693,3.675,37,35,15.36,46.18,1473.0
1387,2019-07-27 11:28:46,34.0,331.1,-45.30002,3.693,3.675,37,35,15.39,46.28,1481.0
1388,2019-07-27 11:28:54,34.0,331.1,-45.20001,3.694,3.674,37,35,15.43,46.38,1489.0
1389,2019-07-27 11:29:02,34.0,331.1,-45.30002,3.694,3.675,37,35,15.46,46.48,1497.0
1390,2019-07-27 11:29:10,34.4,331.1,-45.20001,3.694,3.675,37,35,15.5,46.6,1505.0
1391,2019-07-27 11:29:18,34.4,331.3,-45.20001,3.694,3.675,37,35,15.53,46.7,1513.0
1392,2019-07-27 11:29:26,34.4,331.1,-45.20001,3.694,3.675,37,35,15.56,46.8,1521.0
1393,2019-07-27 11:29:34,34.4,331.1,-45.20001,3.695,3.676,37,35,15.6,46.9,1529.0
1394,2019-07-27 11:29:42,34.4,331.1,-45.20001,3.695,3.677,37,35,15.64,47.0,1537.0
1395,2019-07-27 11:29:50,34.8,331.3,-45.20001,3.696,3.677,37,35,15.67,47.12,1545.0
1396,2019-07-27 11:29:58,34.8,331.3,-45.30002,3.696,3.676,37,35,15.71,47.22,1553.0
1397,2019-07-27 11:30:06,34.8,331.1,-45.20001,3.696,3.677,37,35,15.74,47.32,1561.0
1398,2019-07-27 11:30:14,34.8,331.3,-45.20001,3.696,3.678,37,35,15.77,47.42,1569.0
1399,2019-07-27 11:30:22,34.8,331.3,-45.20001,3.697,3.678,37,35,15.8,47.51,1577.0
1400,2019-07-27 11:30:30,34.8,331.3,-45.20001,3.697,3.677,37,35,15.84,47.63,1585.0
1401,2019-07-27 11:30:38,35.2,331.3,-45.20001,3.697,3.677,37,35,15.87,47.73,1593.0
1402,2019-07-27 11:30:46,35.2,331.4,-45.20001,3.697,3.678,37,35,15.91,47.83,1601.0
1403,2019-07-27 11:30:54,35.2,331.4,-45.20001,3.697,3.679,37,35,15.94,47.93,1609.0
1404,2019-07-27 11:31:02,35.2,331.4,-45.20001,3.698,3.679,37,35,15.97,48.03,1617.0
1405,2019-07-27 11:31:10,35.2,331.4,-45.20001,3.698,3.679,37,35,16.01,48.13,1625.0
1406,2019-07-27 11:31:18,35.6,331.4,-45.20001,3.698,3.679,37,35,16.04,48.24,1633.0
1407,2019-07-27 11:31:26,35.6,331.4,-45.20001,3.698,3.679,37,35,16.08,48.35,1641.0
1408,2019-07-27 11:31:34,35.6,331.4,-45.30002,3.699,3.68,37,35,16.11,48.45,1649.0
1409,2019-07-27 11:31:42,35.6,331.6,-45.20001,3.699,3.68,37,35,16.15,48.55,1657.0
1410,2019-07-27 11:31:50,35.6,331.6,-45.30002,3.7,3.68,37,35,16.18,48.65,1665.0
1411,2019-07-27 11:31:58,36.0,331.6,-45.30002,3.7,3.681,37,35,16.22,48.76,1673.0
1412,2019-07-27 11:32:06,36.0,331.6,-45.20001,3.7,3.681,37,35,16.25,48.86,1681.0
1413,2019-07-27 11:32:14,36.0,331.6,-45.20001,3.7,3.681,37,35,16.28,48.96,1689.0
1414,2019-07-27 11:32:22,36.0,331.7,-45.20001,3.7,3.681,37,35,16.32,49.06,1697.0
1415,2019-07-27 11:32:30,36.0,331.7,-45.20001,3.701,3.682,37,35,16.35,49.16,1705.0
1416,2019-07-27 11:32:38,36.0,331.7,-45.20001,3.701,3.682,37,35,16.38,49.26,1713.0
1417,2019-07-27 11:32:46,36.4,331.7,-45.20001,3.701,3.682,37,35,16.43,49.39,1721.0
1418,2019-07-27 11:32:54,36.4,331.7,-45.20001,3.701,3.683,37,35,16.45,49.47,1729.0
1419,2019-07-27 11:33:02,36.4,331.7,-45.20001,3.702,3.682,37,35,16.49,49.57,1737.0
1420,2019-07-27 11:33:10,36.4,331.7,-45.20001,3.702,3.683,37,35,16.52,49.68,1745.0
1421,2019-07-27 11:33:18,36.4,331.9,-45.20001,3.703,3.683,37,35,16.56,49.78,1753.0
1422,2019-07-27 11:33:26,36.8,331.9,-45.20001,3.702,3.683,37,35,16.59,49.89,1761.0
1423,2019-07-27 11:33:34,36.8,331.7,-45.20001,3.703,3.683,37,35,16.63,49.99,1769.0
1424,2019-07-27 11:33:42,36.8,331.9,-45.20001,3.703,3.684,37,35,16.66,50.09,1777.0
1425,2019-07-27 11:33:50,36.8,331.9,-45.20001,3.703,3.685,37,35,16.69,50.19,1785.0
1426,2019-07-27 11:33:58,36.8,331.9,-45.20001,3.704,3.685,37,35,16.73,50.29,1793.0
1427,2019-07-27 11:34:06,37.2,332.1,-45.20001,3.704,3.685,37,35,16.76,50.41,1801.0
1428,2019-07-27 11:34:14,37.2,332.1,-45.30002,3.705,3.685,37,35,16.81,50.52,1809.0
1429,2019-07-27 11:34:22,37.2,332.1,-45.20001,3.704,3.686,37,35,16.84,50.62,1817.0
1430,2019-07-27 11:34:30,37.2,332.1,-45.20001,3.705,3.686,37,35,16.87,50.72,1825.0
1431,2019-07-27 11:34:38,37.2,332.1,-45.20001,3.704,3.685,37,35,16.9,50.8,1833.0
1432,2019-07-27 11:34:46,37.6,332.1,-45.20001,3.706,3.686,37,35,16.94,50.93,1841.0
1433,2019-07-27 11:34:54,37.6,332.1,-45.20001,3.705,3.686,37,35,16.97,51.02,1849.0
1434,2019-07-27 11:35:02,37.6,332.2,-45.20001,3.707,3.686,37,35,17.0,51.12,1857.0
1435,2019-07-27 11:35:10,37.6,332.2,-45.20001,3.706,3.687,37,35,17.04,51.22,1865.0
1436,2019-07-27 11:35:18,37.6,332.2,-45.20001,3.707,3.687,37,35,17.07,51.32,1873.0
1437,2019-07-27 11:35:26,37.6,332.2,-45.20001,3.708,3.686,37,35,17.11,51.44,1881.0
1438,2019-07-27 11:35:34,38.0,332.2,-45.20001,3.707,3.687,37,35,17.14,51.54,1889.0
1439,2019-07-27 11:35:42,38.0,332.2,-45.20001,3.708,3.688,37,35,17.18,51.65,1897.0
1440,2019-07-27 11:35:50,38.0,332.4,-45.20001,3.708,3.688,37,35,17.22,51.75,1905.0
1441,2019-07-27 11:35:58,38.0,332.4,-45.20001,3.708,3.688,37,35,17.25,51.85,1913.0
1442,2019-07-27 11:36:06,38.0,332.4,-45.30002,3.708,3.689,37,36,17.28,51.95,1921.0
1443,2019-07-27 11:36:14,38.4,332.4,-45.20001,3.708,3.689,37,35,17.31,52.05,1929.0
1444,2019-07-27 11:36:22,38.4,332.4,-45.20001,3.709,3.689,37,36,17.35,52.15,1937.0
1445,2019-07-27 11:36:30,38.4,332.4,-45.20001,3.709,3.69,37,36,17.38,52.26,1945.0
1446,2019-07-27 11:36:38,38.4,332.5,-45.20001,3.71,3.69,37,36,17.41,52.35,1953.0
1447,2019-07-27 11:36:46,38.4,332.5,-45.20001,3.71,3.69,37,36,17.45,52.45,1961.0
1448,2019-07-27 11:36:54,38.8,332.5,-45.20001,3.71,3.69,37,36,17.48,52.56,1969.0
1449,2019-07-27 11:37:02,38.8,332.5,-45.30002,3.711,3.691,37,36,17.52,52.67,1977.0
1450,2019-07-27 11:37:10,38.8,332.5,-45.20001,3.711,3.69,37,36,17.55,52.77,1985.0
1451,2019-07-27 11:37:18,38.8,332.7,-45.20001,3.711,3.691,37,36,17.59,52.88,1993.0
1452,2019-07-27 11:37:26,38.8,332.7,-45.20001,3.711,3.691,37,36,17.62,52.98,2001.0
1453,2019-07-27 11:37:34,38.8,332.7,-45.20001,3.711,3.691,37,36,17.65,53.08,2009.0
1454,2019-07-27 11:37:42,39.2,332.7,-45.20001,3.712,3.692,37,36,17.69,53.18,2017.0
1455,2019-07-27 11:37:50,39.2,332.7,-45.20001,3.712,3.692,37,36,17.72,53.28,2025.0
1456,2019-07-27 11:37:58,39.2,332.7,-45.20001,3.713,3.692,37,36,17.76,53.38,2033.0
1457,2019-07-27 11:38:06,39.2,332.7,-45.20001,3.713,3.693,37,36,17.79,53.48,2041.0
1458,2019-07-27 11:38:14,39.2,332.7,-45.20001,3.713,3.693,37,36,17.83,53.6,2049.0
1459,2019-07-27 11:38:22,39.6,332.8,-45.20001,3.713,3.693,37,36,17.86,53.7,2057.0
1460,2019-07-27 11:38:30,39.6,332.8,-45.20001,3.714,3.693,37,36,17.89,53.8,2065.0
1461,2019-07-27 11:38:38,39.6,332.8,-45.20001,3.715,3.694,37,36,17.93,53.89,2073.0
1462,2019-07-27 11:38:46,39.6,332.8,-45.20001,3.714,3.694,37,36,17.96,54.02,2081.0
1463,2019-07-27 11:38:54,39.6,333.0,-45.20001,3.715,3.694,37,36,18.0,54.12,2089.0
1464,2019-07-27 11:39:02,40.0,333.0,-45.20001,3.715,3.695,37,36,18.04,54.23,2097.0
1465,2019-07-27 11:39:10,40.0,333.0,-45.20001,3.716,3.695,37,36,18.07,54.33,2105.0
1466,2019-07-27 11:39:18,40.0,333.0,-45.20001,3.715,3.695,37,36,18.1,54.43,2113.0
1467,2019-07-27 11:39:26,40.0,333.0,-45.20001,3.717,3.696,37,36,18.13,54.51,2121.0
1468,2019-07-27 11:39:34,40.0,333.0,-45.20001,3.715,3.697,37,36,18.17,54.63,2129.0
1469,2019-07-27 11:39:42,40.4,333.0,-45.20001,3.717,3.696,37,36,18.2,54.73,2137.0
1470,2019-07-27 11:39:50,40.4,333.2,-45.20001,3.716,3.696,37,36,18.24,54.83,2145.0
1471,2019-07-27 11:39:58,40.4,333.2,-45.20001,3.717,3.697,37,36,18.27,54.93,2153.0
1472,2019-07-27 11:40:06,40.4,333.2,-45.20001,3.717,3.697,37,36,18.31,55.04,2161.0
1473,2019-07-27 11:40:14,40.4,333.2,-45.20001,3.718,3.698,37,36,18.34,55.16,2169.0
1474,2019-07-27 11:40:22,40.4,333.2,-45.20001,3.718,3.698,37,36,18.38,55.26,2177.0
1475,2019-07-27 11:40:30,40.8,333.3,-45.20001,3.719,3.698,37,36,18.41,55.36,2185.0
1476,2019-07-27 11:40:38,40.8,333.3,-45.20001,3.719,3.698,37,36,18.45,55.46,2193.0
1477,2019-07-27 11:40:46,40.8,333.3,-45.20001,3.719,3.698,37,36,18.48,55.56,2201.0
1478,2019-07-27 11:40:54,40.8,333.3,-45.20001,3.719,3.699,37,36,18.51,55.66,2209.0
1479,2019-07-27 11:41:02,40.8,333.5,-45.20001,3.72,3.699,37,36,18.55,55.76,2217.0
1480,2019-07-27 11:41:10,41.2,333.3,-45.20001,3.72,3.7,37,36,18.58,55.86,2225.0
1481,2019-07-27 11:41:18,41.2,333.5,-45.20001,3.721,3.7,37,36,18.62,55.98,2233.0
1482,2019-07-27 11:41:26,41.2,333.5,-45.20001,3.721,3.7,37,36,18.65,56.07,2241.0
1483,2019-07-27 11:41:34,41.2,333.5,-45.20001,3.722,3.701,37,36,18.68,56.17,2249.0
1484,2019-07-27 11:41:42,41.2,333.5,-45.20001,3.721,3.701,37,36,18.73,56.29,2257.0
1485,2019-07-27 11:41:50,41.6,333.5,-45.20001,3.722,3.7,37,36,18.75,56.39,2265.0
1486,2019-07-27 11:41:58,41.6,333.6,-45.20001,3.722,3.701,37,36,18.79,56.49,2273.0
1487,2019-07-27 11:42:06,41.6,333.6,-45.20001,3.723,3.701,37,36,18.82,56.59,2281.0
1488,2019-07-27 11:42:14,41.6,333.6,-45.20001,3.724,3.702,37,36,18.86,56.7,2289.0
1489,2019-07-27 11:42:22,41.6,333.6,-45.20001,3.724,3.702,37,36,18.89,56.81,2297.0
1490,2019-07-27 11:42:30,42.0,333.6,-45.20001,3.724,3.702,37,36,18.93,56.91,2305.0
1491,2019-07-27 11:42:38,42.0,333.8,-45.20001,3.724,3.702,37,36,18.96,57.01,2313.0
1492,2019-07-27 11:42:46,42.0,333.9,-45.20001,3.725,3.704,37,36,18.99,57.11,2321.0
1493,2019-07-27 11:42:54,42.0,333.8,-45.20001,3.725,3.703,37,36,19.03,57.21,2329.0
1494,2019-07-27 11:43:02,42.0,333.8,-45.20001,3.725,3.704,37,36,19.06,57.31,2337.0
1495,2019-07-27 11:43:10,42.0,333.9,-45.20001,3.725,3.704,37,36,19.1,57.42,2345.0
1496,2019-07-27 11:43:18,42.4,333.9,-45.20001,3.726,3.705,37,36,19.14,57.54,2353.0
1497,2019-07-27 11:43:26,42.4,333.9,-45.20001,3.727,3.704,37,36,19.17,57.64,2361.0
1498,2019-07-27 11:43:34,42.4,333.9,-45.20001,3.726,3.705,37,36,19.21,57.74,2369.0
1499,2019-07-27 11:43:42,42.4,333.9,-45.20001,3.726,3.704,37,36,19.24,57.84,2377.0
1500,2019-07-27 11:43:50,42.4,333.9,-45.20001,3.728,3.706,37,36,19.27,57.93,2385.0
1501,2019-07-27 11:43:58,42.8,334.1,-45.20001,3.728,3.707,37,36,19.31,58.06,2393.0
1502,2019-07-27 11:44:06,42.8,334.1,-45.20001,3.728,3.707,37,36,19.34,58.15,2401.0
1503,2019-07-27 11:44:14,42.8,334.1,-45.20001,3.729,3.708,37,36,19.37,58.24,2409.0
1504,2019-07-27 11:44:22,42.8,334.2,-45.20001,3.729,3.708,37,36,19.41,58.35,2417.0
1505,2019-07-27 11:44:30,42.8,334.1,-45.20001,3.73,3.708,37,36,19.44,58.45,2425.0
1506,2019-07-27 11:44:38,43.2,334.2,-45.20001,3.729,3.708,37,36,19.47,58.55,2433.0
1507,2019-07-27 11:44:46,43.2,334.2,-45.20001,3.73,3.708,37,36,19.52,58.67,2441.0
1508,2019-07-27 11:44:54,43.2,334.2,-45.20001,3.73,3.709,38,36,19.55,58.77,2449.0
1509,2019-07-27 11:45:02,43.2,334.4,-45.20001,3.73,3.709,37,36,19.59,58.88,2457.0
1510,2019-07-27 11:45:10,43.2,334.2,-45.20001,3.731,3.709,38,36,19.62,58.98,2465.0
1511,2019-07-27 11:45:18,43.6,334.4,-45.20001,3.732,3.71,38,36,19.65,59.08,2473.0
1512,2019-07-27 11:45:26,43.6,334.4,-45.20001,3.732,3.709,38,36,19.68,59.18,2481.0
1513,2019-07-27 11:45:34,43.6,334.4,-45.20001,3.733,3.711,38,36,19.72,59.3,2489.0
1514,2019-07-27 11:45:42,43.6,334.6,-45.20001,3.733,3.71,38,36,19.75,59.4,2497.0
1515,2019-07-27 11:45:50,43.6,334.6,-45.20001,3.733,3.711,38,36,19.78,59.48,2505.0
1516,2019-07-27 11:45:58,43.6,334.6,-45.20001,3.733,3.711,38,36,19.83,59.6,2513.0
1517,2019-07-27 11:46:06,44.0,334.6,-45.20001,3.734,3.712,38,36,19.85,59.7,2521.0
1518,2019-07-27 11:46:14,44.0,334.6,-45.20001,3.734,3.712,38,36,19.9,59.82,2529.0
1519,2019-07-27 11:46:22,44.0,334.7,-45.20001,3.735,3.712,38,36,19.93,59.92,2537.0
1520,2019-07-27 11:46:30,44.0,334.7,-45.20001,3.736,3.712,38,36,19.97,60.03,2545.0
1521,2019-07-27 11:46:38,44.0,334.9,-45.20001,3.735,3.713,38,36,20.0,60.13,2553.0
1522,2019-07-27 11:46:46,44.4,334.7,-45.20001,3.736,3.713,38,36,20.03,60.23,2561.0
1523,2019-07-27 11:46:54,44.4,334.9,-45.20001,3.736,3.713,38,36,20.07,60.33,2569.0
1524,2019-07-27 11:47:02,44.4,334.9,-45.20001,3.737,3.714,38,36,20.11,60.45,2577.0
1525,2019-07-27 11:47:10,44.4,334.9,-45.20001,3.736,3.715,38,36,20.14,60.54,2585.0
1526,2019-07-27 11:47:18,44.4,334.9,-45.20001,3.737,3.715,38,36,20.16,60.63,2593.0
1527,2019-07-27 11:47:26,44.8,334.9,-45.20001,3.737,3.716,38,36,20.21,60.74,2601.0
1528,2019-07-27 11:47:34,44.8,335.0,-45.20001,3.738,3.715,38,36,20.24,60.84,2609.0
1529,2019-07-27 11:47:42,44.8,335.0,-45.20001,3.739,3.716,38,36,20.28,60.96,2617.0
1530,2019-07-27 11:47:50,44.8,335.0,-45.20001,3.74,3.716,38,36,20.31,61.06,2625.0
1531,2019-07-27 11:47:58,44.8,335.2,-45.20001,3.74,3.717,38,36,20.35,61.18,2633.0
1532,2019-07-27 11:48:07,45.2,335.2,-45.20001,3.74,3.717,38,36,20.38,61.28,2642.0
1533,2019-07-27 11:48:15,45.2,335.2,-45.20001,3.741,3.718,38,36,20.41,61.38,2650.0
1534,2019-07-27 11:48:23,45.2,335.2,-45.20001,3.741,3.718,38,36,20.45,61.49,2658.0
1535,2019-07-27 11:48:31,45.2,335.2,-45.20001,3.742,3.718,38,36,20.49,61.59,2666.0
1536,2019-07-27 11:48:39,45.2,335.3,-45.20001,3.742,3.719,38,36,20.52,61.69,2674.0
1537,2019-07-27 11:48:47,45.2,335.3,-45.20001,3.742,3.719,38,36,20.55,61.79,2682.0
1538,2019-07-27 11:48:55,45.6,335.3,-45.20001,3.743,3.72,38,36,20.59,61.91,2690.0
1539,2019-07-27 11:49:03,45.6,335.5,-45.20001,3.744,3.72,38,36,20.62,61.99,2698.0
1540,2019-07-27 11:49:11,45.6,335.5,-45.20001,3.744,3.721,38,36,20.66,62.11,2706.0
1541,2019-07-27 11:49:19,45.6,335.5,-45.20001,3.744,3.72,38,36,20.7,62.22,2714.0
1542,2019-07-27 11:49:27,45.6,335.5,-45.20001,3.744,3.722,38,36,20.73,62.33,2722.0
1543,2019-07-27 11:49:35,46.0,335.7,-45.20001,3.746,3.722,38,36,20.76,62.43,2730.0
1544,2019-07-27 11:49:43,46.0,335.7,-45.20001,3.745,3.722,38,36,20.8,62.54,2738.0
1545,2019-07-27 11:49:51,46.0,335.7,-45.20001,3.746,3.722,38,36,20.83,62.64,2746.0
1546,2019-07-27 11:49:59,46.0,335.8,-45.20001,3.747,3.723,38,36,20.87,62.74,2754.0
1547,2019-07-27 11:50:07,46.0,335.8,-45.20001,3.747,3.723,38,36,20.9,62.86,2762.0
1548,2019-07-27 11:50:15,46.4,335.8,-45.20001,3.747,3.724,38,36,20.94,62.96,2770.0
1549,2019-07-27 11:50:23,46.4,335.8,-45.20001,3.748,3.724,38,36,20.98,63.06,2778.0
1550,2019-07-27 11:50:31,46.4,336.0,-45.20001,3.749,3.724,38,36,21.01,63.17,2786.0
1551,2019-07-27 11:50:39,46.4,336.0,-45.20001,3.749,3.724,38,36,21.04,63.25,2794.0
1552,2019-07-27 11:50:47,46.4,336.0,-45.20001,3.749,3.725,38,36,21.08,63.39,2802.0
1553,2019-07-27 11:50:55,46.8,336.1,-45.20001,3.75,3.725,38,36,21.12,63.49,2810.0
1554,2019-07-27 11:51:03,46.8,336.1,-45.20001,3.751,3.726,38,36,21.15,63.59,2818.0
1555,2019-07-27 11:51:11,46.8,336.1,-45.20001,3.751,3.727,38,36,21.19,63.71,2826.0
1556,2019-07-27 11:51:19,46.8,336.1,-45.20001,3.751,3.726,38,36,21.22,63.81,2834.0
1557,2019-07-27 11:51:27,46.8,336.1,-45.20001,3.752,3.727,38,36,21.26,63.91,2842.0
1558,2019-07-27 11:51:35,47.2,336.3,-45.20001,3.753,3.728,38,36,21.29,64.02,2850.0
1559,2019-07-27 11:51:43,47.2,336.3,-45.20001,3.754,3.729,38,36,21.33,64.12,2858.0
1560,2019-07-27 11:51:51,47.2,336.4,-45.20001,3.754,3.728,38,36,21.36,64.24,2866.0
1561,2019-07-27 11:51:59,47.2,336.4,-45.20001,3.755,3.729,38,36,21.4,64.34,2874.0
1562,2019-07-27 11:52:07,47.2,336.4,-45.20001,3.755,3.729,38,36,21.44,64.45,2882.0
1563,2019-07-27 11:52:15,47.6,336.4,-45.20001,3.755,3.73,38,36,21.47,64.55,2890.0
1564,2019-07-27 11:52:23,47.6,336.6,-45.20001,3.756,3.732,38,36,21.51,64.65,2898.0
1565,2019-07-27 11:52:31,47.6,336.6,-45.20001,3.757,3.731,38,36,21.54,64.77,2906.0
1566,2019-07-27 11:52:39,47.6,336.6,-45.20001,3.758,3.731,38,36,21.58,64.87,2914.0
1567,2019-07-27 11:52:47,47.6,336.8,-45.20001,3.758,3.732,38,36,21.62,64.98,2922.0
1568,2019-07-27 11:52:55,48.0,336.8,-45.20001,3.759,3.733,38,36,21.65,65.09,2930.0
1569,2019-07-27 11:53:03,48.0,336.8,-45.20001,3.759,3.733,38,36,21.69,65.2,2938.0
1570,2019-07-27 11:53:11,48.0,336.8,-45.20001,3.759,3.733,38,36,21.72,65.3,2946.0
1571,2019-07-27 11:53:19,48.0,336.9,-45.20001,3.759,3.734,38,36,21.76,65.42,2954.0
1572,2019-07-27 11:53:27,48.0,336.9,-45.20001,3.762,3.734,38,36,21.79,65.52,2962.0
1573,2019-07-27 11:53:35,48.4,336.9,-45.20001,3.762,3.735,38,36,21.82,65.62,2970.0
1574,2019-07-27 11:53:43,48.4,337.1,-45.20001,3.762,3.736,38,36,21.87,65.73,2978.0
1575,2019-07-27 11:53:51,48.4,337.2,-45.20001,3.764,3.736,38,36,21.9,65.85,2986.0
1576,2019-07-27 11:53:59,48.4,337.2,-45.20001,3.764,3.737,38,36,21.94,65.95,2994.0
1577,2019-07-27 11:54:07,48.4,337.2,-45.20001,3.764,3.737,38,36,21.97,66.05,3002.0
1578,2019-07-27 11:54:15,48.4,337.2,-45.20001,3.765,3.737,38,36,22.01,66.16,3010.0
1579,2019-07-27 11:54:23,48.8,337.4,-45.20001,3.766,3.738,38,36,22.04,66.26,3018.0
1580,2019-07-27 11:54:31,48.8,337.4,-45.20001,3.767,3.739,38,36,22.08,66.38,3026.0
1581,2019-07-27 11:54:39,48.8,337.5,-45.20001,3.767,3.74,38,36,22.11,66.48,3034.0
1582,2019-07-27 11:54:47,48.8,337.5,-45.20001,3.768,3.74,38,36,22.15,66.59,3042.0
1583,2019-07-27 11:54:55,49.2,337.5,-45.20001,3.768,3.74,38,36,22.18,66.7,3050.0
1584,2019-07-27 11:55:03,49.2,337.7,-45.20001,3.769,3.74,38,36,22.23,66.81,3058.0
1585,2019-07-27 11:55:11,49.2,337.8,-45.20001,3.77,3.742,38,36,22.26,66.93,3066.0
1586,2019-07-27 11:55:19,49.2,337.7,-45.20001,3.771,3.742,38,36,22.3,67.03,3074.0
1587,2019-07-27 11:55:27,49.2,337.8,-45.20001,3.771,3.743,38,36,22.33,67.13,3082.0
1588,2019-07-27 11:55:35,49.2,338.0,-45.20001,3.772,3.744,38,36,22.37,67.24,3090.0
1589,2019-07-27 11:55:43,49.6,338.0,-45.20001,3.773,3.744,38,36,22.4,67.34,3098.0
1590,2019-07-27 11:55:51,49.6,338.0,-45.20001,3.774,3.744,38,36,22.44,67.46,3106.0
1591,2019-07-27 11:55:59,49.6,338.0,-45.20001,3.774,3.745,38,36,22.47,67.56,3114.0
1592,2019-07-27 11:56:07,49.6,338.2,-45.20001,3.775,3.745,38,36,22.51,67.68,3122.0
1593,2019-07-27 11:56:15,49.6,338.3,-45.20001,3.775,3.746,38,36,22.54,67.77,3130.0
1594,2019-07-27 11:56:23,50.0,338.3,-45.20001,3.776,3.747,38,36,22.59,67.9,3138.0
1595,2019-07-27 11:56:31,50.0,338.3,-45.20001,3.777,3.747,38,36,22.61,67.99,3146.0
1596,2019-07-27 11:56:39,50.0,338.5,-45.20001,3.778,3.747,38,36,22.66,68.11,3154.0
1597,2019-07-27 11:56:47,50.0,338.5,-45.20001,3.779,3.749,38,36,22.69,68.23,3162.0
1598,2019-07-27 11:56:55,50.0,338.6,-45.20001,3.779,3.749,38,36,22.73,68.33,3170.0
1599,2019-07-27 11:57:03,50.4,338.6,-45.20001,3.78,3.75,38,36,22.76,68.43,3178.0
1600,2019-07-27 11:57:11,50.4,338.6,-45.20001,3.781,3.75,38,36,22.8,68.54,3186.0
1601,2019-07-27 11:57:19,50.4,338.6,-45.20001,3.782,3.751,38,36,22.84,68.66,3194.0
1602,2019-07-27 11:57:27,50.4,338.9,-45.20001,3.783,3.751,38,36,22.87,68.76,3202.0
1603,2019-07-27 11:57:35,50.4,338.9,-45.20001,3.784,3.752,38,36,22.91,68.87,3210.0
1604,2019-07-27 11:57:43,50.8,338.9,-45.20001,3.784,3.753,38,37,22.94,68.97,3218.0
1605,2019-07-27 11:57:51,50.8,339.1,-45.20001,3.785,3.755,38,37,22.98,69.09,3226.0
1606,2019-07-27 11:57:59,50.8,339.1,-45.20001,3.786,3.755,38,37,23.02,69.18999,3234.0
1607,2019-07-27 11:58:07,50.8,339.3,-45.20001,3.786,3.756,38,37,23.06,69.32,3242.0
1608,2019-07-27 11:58:15,50.8,339.3,-45.20001,3.787,3.756,38,37,23.09,69.42,3250.0
1609,2019-07-27 11:58:23,51.2,339.3,-45.20001,3.787,3.757,38,37,23.13,69.54,3258.0
1610,2019-07-27 11:58:31,51.2,339.4,-45.20001,3.788,3.758,38,37,23.16,69.62,3266.0
1611,2019-07-27 11:58:39,51.2,339.4,-45.20001,3.789,3.758,38,37,23.2,69.74,3274.0
1612,2019-07-27 11:58:47,51.2,339.4,-45.20001,3.79,3.759,38,37,23.23,69.84,3282.0
1613,2019-07-27 11:58:55,51.2,339.6,-45.20001,3.791,3.76,38,37,23.27,69.95,3290.0
1614,2019-07-27 11:59:03,51.6,339.7,-45.20001,3.791,3.761,38,37,23.3,70.05,3298.0
1615,2019-07-27 11:59:11,51.6,339.7,-45.20001,3.792,3.762,38,37,23.34,70.17,3306.0
1616,2019-07-27 11:59:19,51.6,339.9,-45.20001,3.794,3.763,38,37,23.38,70.27,3314.0
1617,2019-07-27 11:59:27,51.6,339.9,-45.20001,3.793,3.763,38,37,23.41,70.38,3322.0
1618,2019-07-27 11:59:35,51.6,339.9,-45.20001,3.794,3.764,38,37,23.45,70.48,3330.0
1619,2019-07-27 11:59:43,52.0,339.9,-45.20001,3.795,3.764,38,37,23.49,70.62,3338.0
1620,2019-07-27 11:59:51,52.0,340.0,-45.20001,3.795,3.766,38,37,23.52,70.72,3346.0
1621,2019-07-27 11:59:59,52.0,340.0,-45.20001,3.796,3.765,38,37,23.56,70.84,3354.0
1622,2019-07-27 12:00:07,52.0,340.2,-45.20001,3.797,3.768,38,37,23.59,70.93999,3362.0
1623,2019-07-27 12:00:15,52.0,340.2,-45.20001,3.797,3.768,38,37,23.63,71.04,3370.0
1624,2019-07-27 12:00:23,52.4,340.2,-45.20001,3.798,3.769,38,37,23.66,71.14,3378.0
1625,2019-07-27 12:00:31,52.4,340.3,-45.20001,3.799,3.769,38,37,23.7,71.25,3386.0
1626,2019-07-27 12:00:39,52.4,340.3,-45.20001,3.799,3.771,38,37,23.74,71.35,3394.0
1627,2019-07-27 12:00:47,52.4,340.3,-45.20001,3.8,3.771,38,37,23.77,71.47,3402.0
1628,2019-07-27 12:00:55,52.4,340.5,-45.20001,3.8,3.772,38,37,23.81,71.57,3410.0
1629,2019-07-27 12:01:03,52.8,340.5,-45.20001,3.801,3.772,38,37,23.84,71.68,3418.0
1630,2019-07-27 12:01:11,52.8,340.5,-45.20001,3.802,3.774,38,37,23.88,71.78,3426.0
1631,2019-07-27 12:01:19,52.8,340.7,-45.20001,3.803,3.773,38,37,23.92,71.91,3434.0
1632,2019-07-27 12:01:27,52.8,340.8,-45.20001,3.804,3.774,38,37,23.95,72.01,3442.0
1633,2019-07-27 12:01:35,52.8,340.8,-45.20001,3.805,3.775,38,37,23.99,72.13,3450.0
1634,2019-07-27 12:01:43,53.2,340.8,-45.20001,3.805,3.776,38,37,24.02,72.22,3458.0
1635,2019-07-27 12:01:51,53.2,341.0,-45.20001,3.805,3.777,38,37,24.06,72.33,3466.0
1636,2019-07-27 12:01:59,53.2,341.0,-45.20001,3.806,3.777,38,37,24.09,72.43,3474.0
1637,2019-07-27 12:02:07,53.2,341.0,-45.20001,3.806,3.778,38,37,24.13,72.55,3482.0
1638,2019-07-27 12:02:15,53.2,341.1,-45.20001,3.807,3.779,38,37,24.17,72.65,3490.0
1639,2019-07-27 12:02:23,53.6,341.1,-45.20001,3.808,3.78,39,37,24.2,72.76,3498.0
1640,2019-07-27 12:02:31,53.6,341.1,-45.20001,3.808,3.78,39,37,24.24,72.86,3506.0
1641,2019-07-27 12:02:39,53.6,341.3,-45.20001,3.809,3.781,38,37,24.27,72.98,3514.0
1642,2019-07-27 12:02:47,53.6,341.3,-45.20001,3.809,3.782,38,37,24.31,73.09,3522.0
1643,2019-07-27 12:02:55,53.6,341.3,-45.20001,3.81,3.783,39,37,24.35,73.18999,3530.0
1644,2019-07-27 12:03:03,54.0,341.4,-45.20001,3.811,3.783,39,37,24.38,73.31,3538.0
1645,2019-07-27 12:03:11,54.0,341.4,-45.20001,3.812,3.784,39,37,24.42,73.41,3546.0
1646,2019-07-27 12:03:19,54.0,341.4,-45.20001,3.812,3.785,39,37,24.45,73.51,3554.0
1647,2019-07-27 12:03:27,54.0,341.6,-45.20001,3.813,3.785,39,37,24.48,73.61,3562.0
1648,2019-07-27 12:03:35,54.0,341.6,-45.20001,3.814,3.786,39,37,24.53,73.72,3570.0
1649,2019-07-27 12:03:43,54.4,341.8,-45.20001,3.813,3.787,39,37,24.55,73.83,3578.0
1650,2019-07-27 12:03:51,54.4,341.8,-45.20001,3.815,3.787,39,37,24.59,73.93,3586.0
1651,2019-07-27 12:03:59,54.4,341.8,-45.20001,3.815,3.788,39,37,24.63,74.04,3594.0
1652,2019-07-27 12:04:07,54.4,341.8,-45.20001,3.816,3.788,39,37,24.66,74.14,3602.0
1653,2019-07-27 12:04:15,54.4,341.9,-45.20001,3.816,3.789,39,37,24.7,74.26,3610.0
1654,2019-07-27 12:04:23,54.8,341.9,-45.20001,3.817,3.789,39,37,24.74,74.37,3618.0
1655,2019-07-27 12:04:31,54.8,342.1,-45.20001,3.818,3.791,39,37,24.77,74.47,3626.0
1656,2019-07-27 12:04:39,54.8,342.1,-45.20001,3.819,3.791,39,37,24.81,74.59,3634.0
1657,2019-07-27 12:04:47,54.8,342.2,-45.20001,3.819,3.791,39,37,24.84,74.67,3642.0
1658,2019-07-27 12:04:55,54.8,342.2,-45.20001,3.82,3.792,39,37,24.88,74.79,3650.0
1659,2019-07-27 12:05:03,55.2,342.2,-45.20001,3.82,3.793,39,37,24.91,74.89,3658.0
1660,2019-07-27 12:05:11,55.2,342.4,-45.20001,3.821,3.793,39,37,24.94,74.99,3666.0
1661,2019-07-27 12:05:19,55.2,342.4,-45.20001,3.822,3.794,39,37,24.98,75.1,3674.0
1662,2019-07-27 12:05:27,55.2,342.4,-45.20001,3.823,3.795,39,37,25.01,75.21,3682.0
1663,2019-07-27 12:05:35,55.2,342.4,-45.20001,3.823,3.795,39,37,25.05,75.31,3690.0
1664,2019-07-27 12:05:43,55.6,342.5,-45.20001,3.824,3.795,39,37,25.09,75.42,3698.0
1665,2019-07-27 12:05:51,55.6,342.5,-45.20001,3.824,3.795,39,37,25.12,75.54,3706.0
1666,2019-07-27 12:05:59,55.6,342.7,-45.20001,3.824,3.797,39,37,25.16,75.64,3714.0
1667,2019-07-27 12:06:07,55.6,342.7,-45.20001,3.826,3.798,39,37,25.19,75.74,3722.0
1668,2019-07-27 12:06:15,55.6,342.8,-45.20001,3.826,3.798,39,37,25.23,75.85,3730.0
1669,2019-07-27 12:06:23,55.6,342.7,-45.20001,3.827,3.798,39,37,25.26,75.93999,3738.0
1670,2019-07-27 12:06:31,56.0,342.8,-45.20001,3.828,3.799,39,37,25.3,76.05,3746.0
1671,2019-07-27 12:06:39,56.0,342.8,-45.20001,3.828,3.8,39,37,25.33,76.15,3754.0
1672,2019-07-27 12:06:47,56.0,343.0,-45.20001,3.829,3.801,39,37,25.36,76.25,3762.0
1673,2019-07-27 12:06:55,56.0,343.0,-45.20001,3.83,3.801,39,37,25.4,76.36,3770.0
1674,2019-07-27 12:07:03,56.0,343.0,-45.20001,3.831,3.801,39,37,25.43,76.47,3778.0
1675,2019-07-27 12:07:11,56.4,343.2,-45.20001,3.831,3.802,39,37,25.47,76.59,3786.0
1676,2019-07-27 12:07:19,56.4,343.2,-45.20001,3.831,3.802,39,37,25.5,76.68999,3794.0
1677,2019-07-27 12:07:27,56.4,343.3,-45.20001,3.832,3.803,39,37,25.54,76.79,3802.0
1678,2019-07-27 12:07:35,56.4,343.3,-45.20001,3.833,3.804,39,37,25.58,76.9,3810.0
1679,2019-07-27 12:07:43,56.4,343.5,-45.20001,3.833,3.805,39,37,25.61,77.0,3818.0
1680,2019-07-27 12:07:51,56.8,343.5,-45.20001,3.834,3.806,39,37,25.65,77.1,3826.0
1681,2019-07-27 12:07:59,56.8,343.5,-45.20001,3.835,3.806,39,37,25.68,77.2,3834.0
1682,2019-07-27 12:08:07,56.8,343.6,-45.20001,3.835,3.807,39,37,25.71,77.3,3842.0
1683,2019-07-27 12:08:15,56.8,343.6,-45.20001,3.835,3.807,39,37,25.75,77.4,3850.0
1684,2019-07-27 12:08:23,56.8,343.6,-45.20001,3.836,3.808,39,37,25.78,77.5,3858.0
1685,2019-07-27 12:08:31,57.2,343.8,-45.20001,3.837,3.808,39,37,25.81,77.6,3866.0
1686,2019-07-27 12:08:39,57.2,343.8,-45.20001,3.838,3.809,39,37,25.85,77.71,3874.0
1687,2019-07-27 12:08:47,57.2,343.9,-45.20001,3.839,3.809,39,37,25.89,77.83,3882.0
1688,2019-07-27 12:08:55,57.2,343.9,-45.20001,3.84,3.811,39,37,25.92,77.93,3890.0
1689,2019-07-27 12:09:03,57.2,343.9,-45.20001,3.84,3.812,39,37,25.96,78.03,3898.0
1690,2019-07-27 12:09:11,57.2,344.1,-45.20001,3.841,3.812,39,37,25.99,78.13,3906.0
1691,2019-07-27 12:09:19,57.6,344.1,-45.20001,3.841,3.813,39,37,26.03,78.25,3914.0
1692,2019-07-27 12:09:27,57.6,344.1,-45.20001,3.842,3.813,39,37,26.06,78.35,3922.0
1693,2019-07-27 12:09:35,57.6,344.3,-45.20001,3.843,3.813,39,37,26.09,78.43,3930.0
1694,2019-07-27 12:09:43,57.6,344.3,-45.20001,3.843,3.814,39,37,26.12,78.53,3938.0
1695,2019-07-27 12:09:51,57.6,344.3,-45.20001,3.843,3.815,39,37,26.16,78.65,3946.0
1696,2019-07-27 12:09:59,58.0,344.4,-45.20001,3.844,3.815,39,37,26.19,78.75,3954.0
1697,2019-07-27 12:10:07,58.0,344.4,-45.20001,3.845,3.816,39,37,26.23,78.86,3962.0
1698,2019-07-27 12:10:15,58.0,344.6,-45.20001,3.846,3.816,39,37,26.27,78.96,3970.0
1699,2019-07-27 12:10:23,58.0,344.6,-45.20001,3.846,3.817,39,37,26.29,79.06,3978.0
1700,2019-07-27 12:10:31,58.0,344.6,-45.20001,3.848,3.818,39,37,26.33,79.16,3986.0
1701,2019-07-27 12:10:39,58.4,344.6,-45.20001,3.848,3.819,39,37,26.37,79.28,3994.0
1702,2019-07-27 12:10:47,58.4,344.7,-45.20001,3.849,3.819,39,37,26.4,79.38,4002.0
1703,2019-07-27 12:10:55,58.4,344.9,-45.20001,3.849,3.821,39,37,26.44,79.47,4010.0
1704,2019-07-27 12:11:03,58.4,344.9,-45.20001,3.85,3.821,39,37,26.47,79.58,4018.0
1705,2019-07-27 12:11:11,58.4,344.9,-45.20001,3.85,3.821,39,37,26.5,79.68,4026.0
1706,2019-07-27 12:11:19,58.4,344.9,-45.20001,3.851,3.822,39,37,26.54,79.78,4034.0
1707,2019-07-27 12:11:27,58.8,345.0,-45.20001,3.852,3.822,39,37,26.57,79.88,4042.0
1708,2019-07-27 12:11:35,58.8,345.0,-45.20001,3.852,3.823,39,37,26.6,79.98,4050.0
1709,2019-07-27 12:11:43,58.8,345.2,-45.20001,3.853,3.824,39,37,26.64,80.09,4058.0
1710,2019-07-27 12:11:51,58.8,345.2,-45.20001,3.853,3.824,39,37,26.68,80.18999,4066.0
1711,2019-07-27 12:11:59,58.8,345.2,-45.20001,3.854,3.825,39,37,26.7,80.29,4074.0
1712,2019-07-27 12:12:07,59.2,345.3,-45.20001,3.855,3.826,39,37,26.74,80.39,4082.0
1713,2019-07-27 12:12:15,59.2,345.5,-45.20001,3.856,3.828,39,37,26.78,80.50999,4090.0
1714,2019-07-27 12:12:23,59.2,345.5,-45.20001,3.856,3.828,39,37,26.81,80.61,4098.0
1715,2019-07-27 12:12:32,59.2,345.5,-45.20001,3.857,3.828,39,37,26.85,80.71,4107.0
1716,2019-07-27 12:12:40,59.2,345.7,-45.20001,3.858,3.829,39,37,26.88,80.8,4115.0
1717,2019-07-27 12:12:48,59.6,345.7,-45.20001,3.859,3.829,39,37,26.91,80.9,4123.0
1718,2019-07-27 12:12:56,59.6,345.7,-45.20001,3.859,3.83,39,37,26.95,81.00999,4131.0
1719,2019-07-27 12:13:04,59.6,345.8,-45.20001,3.86,3.831,39,37,26.98,81.11,4139.0
1720,2019-07-27 12:13:12,59.6,345.8,-45.20001,3.86,3.832,39,37,27.01,81.21,4147.0
1721,2019-07-27 12:13:20,59.6,346.0,-45.20001,3.861,3.832,39,37,27.05,81.32,4155.0
1722,2019-07-27 12:13:28,60.0,346.0,-45.20001,3.862,3.832,39,37,27.08,81.42,4163.0
1723,2019-07-27 12:13:36,60.0,346.1,-45.20001,3.863,3.834,39,37,27.11,81.52,4171.0
1724,2019-07-27 12:13:44,60.0,346.1,-45.20001,3.863,3.834,39,37,27.15,81.62,4179.0
1725,2019-07-27 12:13:52,60.0,346.1,-45.20001,3.864,3.834,39,37,27.19,81.72,4187.0
1726,2019-07-27 12:14:00,60.0,346.1,-45.20001,3.865,3.836,39,37,27.22,81.84,4195.0
1727,2019-07-27 12:14:08,60.0,346.3,-45.20001,3.865,3.836,39,37,27.26,81.93999,4203.0
1728,2019-07-27 12:14:16,60.4,346.3,-45.20001,3.866,3.838,39,37,27.29,82.04,4211.0
1729,2019-07-27 12:14:24,60.4,346.4,-45.20001,3.867,3.837,39,37,27.31,82.12,4219.0
1730,2019-07-27 12:14:32,60.4,346.4,-45.20001,3.868,3.838,39,37,27.35,82.23,4227.0
1731,2019-07-27 12:14:40,60.4,346.4,-45.20001,3.868,3.839,39,37,27.39,82.34,4235.0
1732,2019-07-27 12:14:48,60.4,346.6,-45.20001,3.869,3.84,39,37,27.42,82.43999,4243.0
1733,2019-07-27 12:14:56,60.8,346.6,-45.20001,3.869,3.841,39,37,27.46,82.55,4251.0
1734,2019-07-27 12:15:04,60.8,346.8,-45.20001,3.87,3.841,39,37,27.49,82.65,4259.0
1735,2019-07-27 12:15:12,60.8,346.8,-45.20001,3.87,3.842,39,37,27.52,82.75,4267.0
1736,2019-07-27 12:15:20,60.8,346.8,-45.20001,3.872,3.842,39,37,27.56,82.85,4275.0
1737,2019-07-27 12:15:28,60.8,346.9,-45.20001,3.872,3.843,39,37,27.6,82.95,4283.0
1738,2019-07-27 12:15:36,61.2,346.9,-45.20001,3.873,3.844,39,37,27.62,83.05,4291.0
1739,2019-07-27 12:15:44,61.2,347.1,-45.20001,3.874,3.845,39,37,27.67,83.17,4299.0
1740,2019-07-27 12:15:52,61.2,347.1,-45.20001,3.874,3.845,39,37,27.7,83.27,4307.0
1741,2019-07-27 12:16:00,61.2,347.1,-45.20001,3.875,3.846,39,37,27.72,83.35,4315.0
1742,2019-07-27 12:16:08,61.2,347.1,-45.20001,3.876,3.846,39,37,27.76,83.45,4323.0
1743,2019-07-27 12:16:16,61.2,347.2,-45.20001,3.876,3.847,39,37,27.8,83.56,4331.0
1744,2019-07-27 12:16:24,61.6,347.2,-45.20001,3.877,3.848,39,37,27.83,83.66,4339.0
1745,2019-07-27 12:16:32,61.6,347.4,-45.20001,3.878,3.849,39,37,27.86,83.77,4347.0
1746,2019-07-27 12:16:40,61.6,347.4,-45.20001,3.878,3.85,39,37,27.9,83.87,4355.0
1747,2019-07-27 12:16:48,61.6,347.5,-45.20001,3.879,3.849,39,37,27.93,83.98,4363.0
1748,2019-07-27 12:16:56,61.6,347.5,-45.20001,3.88,3.851,39,37,27.97,84.08,4371.0
1749,2019-07-27 12:17:04,62.0,347.7,-45.20001,3.881,3.851,39,37,28.0,84.18,4379.0
1750,2019-07-27 12:17:12,62.0,347.7,-45.20001,3.881,3.852,39,37,28.03,84.28,4387.0
1751,2019-07-27 12:17:20,62.0,347.7,-45.20001,3.882,3.852,39,37,28.07,84.38,4395.0
1752,2019-07-27 12:17:28,62.0,347.8,-45.20001,3.883,3.853,39,37,28.1,84.48,4403.0
1753,2019-07-27 12:17:36,62.0,347.8,-45.20001,3.884,3.854,39,37,28.13,84.58,4411.0
1754,2019-07-27 12:17:44,62.4,348.0,-45.20001,3.885,3.855,39,37,28.17,84.7,4419.0
1755,2019-07-27 12:17:52,62.4,348.0,-45.20001,3.885,3.855,39,37,28.21,84.79,4427.0
1756,2019-07-27 12:18:00,62.4,348.0,-45.20001,3.885,3.856,39,37,28.24,84.89,4435.0
1757,2019-07-27 12:18:08,62.4,348.2,-45.20001,3.886,3.856,39,37,28.27,84.99,4443.0
1758,2019-07-27 12:18:16,62.4,348.2,-45.20001,3.887,3.857,39,37,28.31,85.1,4451.0
1759,2019-07-27 12:18:24,62.4,348.2,-45.20001,3.888,3.858,39,37,28.34,85.2,4459.0
1760,2019-07-27 12:18:32,62.8,348.3,-45.20001,3.888,3.858,39,37,28.37,85.3,4467.0
1761,2019-07-27 12:18:40,62.8,348.3,-45.20001,3.889,3.859,39,37,28.41,85.41,4475.0
1762,2019-07-27 12:18:48,62.8,348.5,-45.20001,3.89,3.86,39,37,28.44,85.50999,4483.0
1763,2019-07-27 12:18:56,62.8,348.5,-45.20001,3.89,3.861,39,37,28.48,85.61,4491.0
1764,2019-07-27 12:19:04,62.8,348.6,-45.20001,3.891,3.86,39,37,28.5,85.68999,4499.0
1765,2019-07-27 12:19:12,63.2,348.5,-45.20001,3.892,3.862,39,37,28.54,85.81,4507.0
1766,2019-07-27 12:19:20,63.2,348.6,-45.20001,3.892,3.863,39,37,28.57,85.91,4515.0
1767,2019-07-27 12:19:28,63.2,348.8,-45.20001,3.893,3.864,39,37,28.62,86.03,4523.0
1768,2019-07-27 12:19:36,63.2,348.8,-45.20001,3.894,3.864,39,37,28.64,86.12,4531.0
1769,2019-07-27 12:19:44,63.2,348.8,-45.20001,3.895,3.865,39,37,28.68,86.22,4539.0
1770,2019-07-27 12:19:52,63.6,348.9,-45.20001,3.895,3.865,39,37,28.72,86.32,4547.0
1771,2019-07-27 12:20:00,63.6,348.9,-45.20001,3.896,3.866,39,37,28.75,86.42,4555.0
1772,2019-07-27 12:20:08,63.6,348.9,-45.20001,3.896,3.867,39,37,28.78,86.53,4563.0
1773,2019-07-27 12:20:16,63.6,349.1,-45.20001,3.897,3.867,39,37,28.82,86.63,4571.0
1774,2019-07-27 12:20:24,63.6,349.3,-45.20001,3.898,3.868,39,37,28.85,86.74,4579.0
1775,2019-07-27 12:20:32,63.6,349.3,-45.20001,3.899,3.868,39,37,28.89,86.84,4587.0
1776,2019-07-27 12:20:40,64.0,349.3,-45.20001,3.9,3.869,39,37,28.92,86.93999,4595.0
1777,2019-07-27 12:20:48,64.0,349.4,-45.20001,3.9,3.871,39,37,28.95,87.04,4603.0
1778,2019-07-27 12:20:56,64.0,349.4,-45.20001,3.9,3.871,39,37,28.98,87.14,4611.0
1779,2019-07-27 12:21:04,64.0,349.6,-45.20001,3.902,3.871,39,37,29.02,87.24,4619.0
1780,2019-07-27 12:21:12,64.0,349.6,-45.20001,3.902,3.872,39,37,29.05,87.36,4627.0
1781,2019-07-27 12:21:20,64.4,349.6,-45.20001,3.903,3.872,39,37,29.09,87.45,4635.0
1782,2019-07-27 12:21:28,64.4,349.7,-45.20001,3.903,3.874,39,37,29.13,87.55,4643.0
1783,2019-07-27 12:21:36,64.4,349.7,-45.20001,3.905,3.874,39,37,29.15,87.65,4651.0
1784,2019-07-27 12:21:44,64.4,349.9,-45.20001,3.905,3.874,39,37,29.19,87.75,4659.0
1785,2019-07-27 12:21:52,64.4,349.9,-45.20001,3.906,3.876,39,37,29.22,87.86,4667.0
1786,2019-07-27 12:22:00,64.8,349.9,-45.20001,3.907,3.876,39,37,29.26,87.96,4675.0
1787,2019-07-27 12:22:08,64.8,349.9,-45.20001,3.908,3.877,39,37,29.29,88.07,4683.0
1788,2019-07-27 12:22:16,64.8,350.2,-45.20001,3.908,3.878,39,37,29.33,88.17,4691.0
1789,2019-07-27 12:22:24,64.8,350.0,-45.20001,3.909,3.878,39,37,29.36,88.27,4699.0
1790,2019-07-27 12:22:32,64.8,350.2,-45.20001,3.909,3.88,39,37,29.39,88.37,4707.0
1791,2019-07-27 12:22:40,64.8,350.2,-45.20001,3.91,3.88,39,37,29.43,88.47,4715.0
1792,2019-07-27 12:22:48,65.2,350.3,-45.20001,3.912,3.88,39,37,29.46,88.57,4723.0
1793,2019-07-27 12:22:56,65.2,350.3,-45.20001,3.911,3.881,39,37,29.5,88.68999,4731.0
1794,2019-07-27 12:23:04,65.2,350.5,-45.20001,3.912,3.882,39,37,29.54,88.78,4739.0
1795,2019-07-27 12:23:12,65.2,350.5,-45.20001,3.913,3.883,39,37,29.56,88.88,4747.0
1796,2019-07-27 12:23:20,65.2,350.5,-45.20001,3.913,3.884,39,37,29.6,88.98,4755.0
1797,2019-07-27 12:23:28,65.6,350.7,-45.20001,3.914,3.884,39,37,29.63,89.07999,4763.0
1798,2019-07-27 12:23:36,65.6,350.7,-45.20001,3.915,3.885,39,37,29.67,89.18,4771.0
1799,2019-07-27 12:23:44,65.6,350.8,-45.20001,3.916,3.885,39,37,29.7,89.3,4779.0
1800,2019-07-27 12:23:52,65.6,350.8,-45.20001,3.917,3.886,39,37,29.74,89.4,4787.0
1801,2019-07-27 12:24:00,65.6,350.8,-45.20001,3.918,3.887,39,37,29.77,89.5,4795.0
1802,2019-07-27 12:24:08,66.0,350.8,-45.20001,3.917,3.887,39,37,29.8,89.6,4803.0
1803,2019-07-27 12:24:16,66.0,351.0,-45.20001,3.918,3.888,39,37,29.84,89.7,4811.0
1804,2019-07-27 12:24:24,66.0,351.0,-45.20001,3.919,3.889,39,37,29.87,89.8,4819.0
1805,2019-07-27 12:24:32,66.0,351.1,-45.20001,3.92,3.89,39,37,29.9,89.9,4827.0
1806,2019-07-27 12:24:40,66.0,351.3,-45.20001,3.92,3.891,39,37,29.94,90.02,4835.0
1807,2019-07-27 12:24:48,66.0,351.3,-45.20001,3.921,3.891,39,37,29.97,90.11,4843.0
1808,2019-07-27 12:24:56,66.4,351.4,-45.20001,3.922,3.892,39,37,30.01,90.21,4851.0
1809,2019-07-27 12:25:04,66.4,351.4,-45.20001,3.923,3.892,39,37,30.04,90.31,4859.0
1810,2019-07-27 12:25:12,66.4,351.4,-45.20001,3.923,3.893,39,37,30.08,90.43,4867.0
1811,2019-07-27 12:25:20,66.4,351.6,-45.20001,3.924,3.894,39,37,30.11,90.50999,4875.0
1812,2019-07-27 12:25:28,66.4,351.6,-45.20001,3.926,3.895,39,37,30.14,90.62,4883.0
1813,2019-07-27 12:25:36,66.8,351.8,-45.20001,3.926,3.896,39,37,30.18,90.73,4891.0
1814,2019-07-27 12:25:44,66.8,351.8,-45.20001,3.927,3.896,39,37,30.21,90.82999,4899.0
1815,2019-07-27 12:25:52,66.8,351.8,-45.20001,3.927,3.897,39,37,30.25,90.93,4907.0
1816,2019-07-27 12:26:00,66.8,351.9,-45.20001,3.928,3.897,39,37,30.28,91.03,4915.0
1817,2019-07-27 12:26:08,66.8,351.9,-45.20001,3.929,3.899,39,37,30.31,91.13,4923.0
1818,2019-07-27 12:26:16,67.2,351.9,-45.20001,3.929,3.899,39,37,30.35,91.23,4931.0
1819,2019-07-27 12:26:24,67.2,352.1,-45.20001,3.93,3.899,39,37,30.38,91.35,4939.0
1820,2019-07-27 12:26:32,67.2,352.1,-45.20001,3.931,3.9,39,37,30.42,91.43999,4947.0
1821,2019-07-27 12:26:40,67.2,352.2,-45.20001,3.932,3.901,39,37,30.45,91.54,4955.0
1822,2019-07-27 12:26:48,67.2,352.2,-45.20001,3.932,3.901,39,37,30.49,91.66,4963.0
1823,2019-07-27 12:26:56,67.2,352.2,-45.20001,3.932,3.902,39,37,30.52,91.75999,4971.0
1824,2019-07-27 12:27:04,67.6,352.4,-45.20001,3.934,3.903,39,37,30.55,91.84,4979.0
1825,2019-07-27 12:27:12,67.6,352.4,-45.20001,3.935,3.904,39,37,30.59,91.93999,4987.0
1826,2019-07-27 12:27:20,67.6,352.5,-45.20001,3.935,3.905,39,37,30.62,92.06,4995.0
1827,2019-07-27 12:27:28,67.6,352.5,-45.20001,3.935,3.905,39,37,30.66,92.16,5003.0
1828,2019-07-27 12:27:36,67.6,352.7,-45.20001,3.936,3.906,39,37,30.69,92.25999,5011.0
1829,2019-07-27 12:27:44,68.0,352.7,-45.20001,3.937,3.906,39,37,30.72,92.36,5019.0
1830,2019-07-27 12:27:52,68.0,352.7,-45.20001,3.938,3.908,39,37,30.76,92.46,5027.0
1831,2019-07-27 12:28:00,68.0,352.8,-45.20001,3.939,3.908,39,37,30.79,92.56,5035.0
1832,2019-07-27 12:28:08,68.0,352.8,-45.20001,3.94,3.909,39,37,30.83,92.68,5043.0
1833,2019-07-27 12:28:16,68.0,353.0,-45.20001,3.94,3.91,39,37,30.87,92.79,5051.0
1834,2019-07-27 12:28:24,68.4,353.0,-45.20001,3.94,3.91,39,37,30.9,92.89,5059.0
1835,2019-07-27 12:28:32,68.4,353.0,-45.20001,3.942,3.911,39,37,30.93,92.99,5067.0
1836,2019-07-27 12:28:40,68.4,353.2,-45.20001,3.942,3.911,39,37,30.96,93.07,5075.0
1837,2019-07-27 12:28:48,68.4,353.3,-45.20001,3.943,3.912,39,37,30.99,93.17,5083.0
1838,2019-07-27 12:28:56,68.4,353.2,-45.20001,3.944,3.913,39,37,31.02,93.27,5091.0
1839,2019-07-27 12:29:04,68.4,353.3,-45.20001,3.945,3.914,39,37,31.07,93.39,5099.0
1840,2019-07-27 12:29:12,68.8,353.5,-45.20001,3.945,3.914,39,37,31.1,93.49,5107.0
1841,2019-07-27 12:29:20,68.8,353.5,-45.20001,3.946,3.916,39,37,31.13,93.59,5115.0
1842,2019-07-27 12:29:28,68.8,353.5,-45.20001,3.946,3.916,39,37,31.16,93.68999,5123.0
1843,2019-07-27 12:29:36,68.8,353.6,-45.20001,3.947,3.917,39,37,31.2,93.78,5131.0
1844,2019-07-27 12:29:44,68.8,353.6,-45.20001,3.948,3.918,39,37,31.23,93.91,5139.0
1845,2019-07-27 12:29:52,69.2,353.8,-45.20001,3.948,3.918,39,37,31.27,94.00999,5147.0
1846,2019-07-27 12:30:00,69.2,353.8,-45.20001,3.949,3.919,39,37,31.3,94.12,5155.0
1847,2019-07-27 12:30:08,69.2,353.9,-45.20001,3.95,3.919,39,37,31.34,94.22,5163.0
1848,2019-07-27 12:30:16,69.2,353.9,-45.20001,3.951,3.92,39,37,31.37,94.3,5171.0
1849,2019-07-27 12:30:24,69.2,354.1,-45.30002,3.952,3.921,39,37,31.4,94.4,5179.0
1850,2019-07-27 12:30:32,69.6,354.1,-45.30002,3.952,3.922,39,37,31.44,94.52,5187.0
1851,2019-07-27 12:30:40,69.6,354.1,-45.20001,3.953,3.922,39,37,31.48,94.62,5195.0
1852,2019-07-27 12:30:48,69.6,354.3,-45.20001,3.954,3.923,39,37,31.51,94.72,5203.0
1853,2019-07-27 12:30:56,69.6,354.3,-45.20001,3.954,3.924,39,37,31.54,94.82,5211.0
1854,2019-07-27 12:31:04,69.6,354.3,-45.20001,3.955,3.924,39,37,31.57,94.92,5219.0
1855,2019-07-27 12:31:12,70.0,354.4,-45.20001,3.956,3.926,39,37,31.61,95.04,5227.0
1856,2019-07-27 12:31:20,70.0,354.4,-45.30002,3.956,3.926,39,37,31.64,95.14,5235.0
1857,2019-07-27 12:31:28,70.0,354.4,-45.30002,3.958,3.927,39,37,31.68,95.25,5243.0
1858,2019-07-27 12:31:36,70.0,354.6,-45.20001,3.958,3.928,39,37,31.71,95.35,5251.0
1859,2019-07-27 12:31:44,70.0,354.7,-45.20001,3.959,3.928,39,37,31.75,95.45,5259.0
1860,2019-07-27 12:31:52,70.0,354.7,-45.20001,3.958,3.928,39,37,31.78,95.53,5267.0
1861,2019-07-27 12:32:00,70.4,354.7,-45.20001,3.961,3.929,39,37,31.81,95.63,5275.0
1862,2019-07-27 12:32:08,70.4,354.9,-45.20001,3.961,3.931,39,37,31.85,95.75,5283.0
1863,2019-07-27 12:32:16,70.4,354.9,-45.20001,3.961,3.93,39,37,31.88,95.85,5291.0
1864,2019-07-27 12:32:24,70.4,354.9,-45.20001,3.962,3.932,39,37,31.91,95.95,5299.0
1865,2019-07-27 12:32:32,70.4,355.0,-45.20001,3.963,3.933,39,37,31.95,96.05,5307.0
1866,2019-07-27 12:32:40,70.8,355.2,-45.30002,3.964,3.934,39,37,31.98,96.15,5315.0
1867,2019-07-27 12:32:48,70.8,355.2,-45.30002,3.966,3.934,39,37,32.02,96.25999,5323.0
1868,2019-07-27 12:32:56,70.8,355.2,-45.20001,3.966,3.935,39,37,32.05,96.37,5331.0
1869,2019-07-27 12:33:04,70.8,355.3,-45.20001,3.966,3.936,39,37,32.09,96.48,5339.0
1870,2019-07-27 12:33:12,70.8,355.3,-45.20001,3.967,3.936,39,37,32.12,96.57999,5347.0
1871,2019-07-27 12:33:20,71.2,355.5,-45.20001,3.968,3.937,39,37,32.16,96.68,5355.0
1872,2019-07-27 12:33:28,71.2,355.5,-45.20001,3.968,3.938,39,37,32.19,96.75999,5363.0
1873,2019-07-27 12:33:36,71.2,355.5,-45.30002,3.969,3.939,39,37,32.22,96.86,5371.0
1874,2019-07-27 12:33:44,71.2,355.7,-45.20001,3.97,3.938,39,37,32.26,96.98,5379.0
1875,2019-07-27 12:33:52,71.2,355.7,-45.20001,3.971,3.94,39,37,32.29,97.07999,5387.0
1876,2019-07-27 12:34:00,71.2,355.8,-45.20001,3.971,3.94,39,37,32.32,97.18,5395.0
1877,2019-07-27 12:34:08,71.6,355.8,-45.20001,3.972,3.943,39,37,32.36,97.29,5403.0
1878,2019-07-27 12:34:16,71.6,355.8,-45.30002,3.973,3.942,39,37,32.4,97.39,5411.0
1879,2019-07-27 12:34:24,71.6,356.0,-45.30002,3.973,3.943,39,37,32.43,97.49,5419.0
1880,2019-07-27 12:34:32,71.6,356.1,-45.30002,3.974,3.943,39,37,32.46,97.59,5427.0
1881,2019-07-27 12:34:40,71.6,356.1,-45.20001,3.975,3.944,39,37,32.5,97.71,5435.0
1882,2019-07-27 12:34:48,72.0,356.1,-45.30002,3.976,3.945,39,37,32.53,97.81,5443.0
1883,2019-07-27 12:34:56,72.0,356.1,-45.30002,3.976,3.946,39,37,32.57,97.91,5451.0
1884,2019-07-27 12:35:04,72.0,356.3,-45.20001,3.977,3.946,39,37,32.6,98.0,5459.0
1885,2019-07-27 12:35:12,72.0,356.3,-45.30002,3.978,3.947,39,37,32.63,98.11,5467.0
1886,2019-07-27 12:35:20,72.0,356.4,-45.20001,3.979,3.948,39,37,32.67,98.21,5475.0
1887,2019-07-27 12:35:28,72.4,356.4,-45.30002,3.98,3.949,39,37,32.7,98.31,5483.0
1888,2019-07-27 12:35:36,72.4,356.6,-45.20001,3.98,3.95,39,37,32.73,98.41,5491.0
1889,2019-07-27 12:35:45,72.4,356.6,-45.30002,3.981,3.949,39,37,32.77,98.53,5500.0
1890,2019-07-27 12:35:53,72.4,356.8,-45.30002,3.982,3.95,39,37,32.81,98.64,5508.0
1891,2019-07-27 12:36:01,72.4,356.6,-45.20001,3.982,3.951,39,37,32.84,98.74,5516.0
1892,2019-07-27 12:36:09,72.4,356.8,-45.30002,3.982,3.953,39,37,32.88,98.84,5524.0
1893,2019-07-27 12:36:17,72.8,356.9,-45.30002,3.983,3.953,39,37,32.91,98.93999,5532.0
1894,2019-07-27 12:36:25,72.8,356.9,-45.30002,3.985,3.954,39,37,32.94,99.04,5540.0
1895,2019-07-27 12:36:33,72.8,356.9,-45.30002,3.985,3.953,39,37,32.98,99.14,5548.0
1896,2019-07-27 12:36:41,72.8,357.1,-45.30002,3.985,3.955,39,37,33.01,99.24,5556.0
1897,2019-07-27 12:36:49,72.8,357.2,-45.30002,3.987,3.955,39,37,33.04,99.34,5564.0
1898,2019-07-27 12:36:57,73.2,357.2,-45.20001,3.988,3.956,39,37,33.08,99.43999,5572.0
1899,2019-07-27 12:37:05,73.2,357.2,-45.30002,3.988,3.957,39,37,33.11,99.54,5580.0
1900,2019-07-27 12:37:13,73.2,357.4,-45.20001,3.989,3.958,39,37,33.15,99.66,5588.0
1901,2019-07-27 12:37:21,73.2,357.4,-45.30002,3.99,3.959,39,37,33.19,99.77,5596.0
1902,2019-07-27 12:37:29,73.2,357.4,-45.30002,3.99,3.96,39,37,33.22,99.87,5604.0
1903,2019-07-27 12:37:37,73.6,357.5,-45.30002,3.991,3.96,39,37,33.25,99.97,5612.0
1904,2019-07-27 12:37:45,73.6,357.7,-45.20001,3.992,3.96,39,37,33.29,100.07,5620.0
1905,2019-07-27 12:37:53,73.6,357.7,-45.30002,3.993,3.961,39,37,33.32,100.17,5628.0
1906,2019-07-27 12:38:01,73.6,357.7,-45.20001,3.994,3.963,39,37,33.36,100.29,5636.0
1907,2019-07-27 12:38:09,73.6,357.8,-45.30002,3.994,3.963,39,37,33.39,100.39,5644.0
1908,2019-07-27 12:38:17,73.6,357.8,-45.20001,3.994,3.964,39,37,33.42,100.47,5652.0
1909,2019-07-27 12:38:25,74.0,358.0,-45.30002,3.995,3.964,39,37,33.45,100.57,5660.0
1910,2019-07-27 12:38:33,74.0,358.0,-45.30002,3.996,3.965,39,37,33.49,100.68,5668.0
1911,2019-07-27 12:38:41,74.0,358.2,-45.30002,3.997,3.966,39,37,33.52,100.79,5676.0
1912,2019-07-27 12:38:49,74.0,358.2,-45.30002,3.998,3.967,39,37,33.56,100.9,5684.0
1913,2019-07-27 12:38:57,74.0,358.2,-45.30002,3.998,3.968,39,37,33.6,101.0,5692.0
1914,2019-07-27 12:39:05,74.4,358.3,-45.30002,3.999,3.968,39,37,33.63,101.1,5700.0
1915,2019-07-27 12:39:13,74.4,358.3,-45.30002,4.0,3.969,39,37,33.66,101.2,5708.0
1916,2019-07-27 12:39:21,74.4,358.5,-45.20001,4.001,3.969,39,37,33.7,101.3,5716.0
1917,2019-07-27 12:39:29,74.4,358.3,-45.30002,4.002,3.97,39,37,33.73,101.42,5724.0
1918,2019-07-27 12:39:37,74.4,358.5,-45.30002,4.001,3.971,39,37,33.77,101.52,5732.0
1919,2019-07-27 12:39:45,74.8,358.6,-45.20001,4.003,3.972,39,37,33.8,101.62,5740.0
1920,2019-07-27 12:39:53,74.8,358.6,-45.30002,4.004,3.973,39,37,33.83,101.7,5748.0
1921,2019-07-27 12:40:01,74.8,358.8,-45.30002,4.004,3.973,39,37,33.86,101.8,5756.0
1922,2019-07-27 12:40:09,74.8,358.8,-45.30002,4.005,3.974,39,37,33.9,101.91,5764.0
1923,2019-07-27 12:40:17,74.8,358.9,-45.30002,4.006,3.975,39,37,33.94,102.03,5772.0
1924,2019-07-27 12:40:25,75.2,358.9,-45.20001,4.006,3.975,39,37,33.97,102.13,5780.0
1925,2019-07-27 12:40:33,75.2,359.1,-45.30002,4.007,3.977,39,37,34.01,102.23,5788.0
1926,2019-07-27 12:40:41,75.2,359.1,-45.30002,4.009,3.977,39,37,34.04,102.33,5796.0
1927,2019-07-27 12:40:49,75.2,359.1,-45.30002,4.009,3.978,39,37,34.07,102.43,5804.0
1928,2019-07-27 12:40:57,75.2,359.3,-45.30002,4.01,3.978,39,37,34.11,102.55,5812.0
1929,2019-07-27 12:41:05,75.2,359.3,-45.30002,4.01,3.98,39,37,34.14,102.65,5820.0
1930,2019-07-27 12:41:13,75.6,359.3,-45.30002,4.011,3.98,39,37,34.18,102.75,5828.0
1931,2019-07-27 12:41:21,75.6,359.4,-45.30002,4.012,3.981,39,37,34.21,102.85,5836.0
1932,2019-07-27 12:41:29,75.6,359.4,-45.30002,4.013,3.982,39,37,34.24,102.95,5844.0
1933,2019-07-27 12:41:37,75.6,359.6,-45.30002,4.013,3.982,39,37,34.28,103.05,5852.0
1934,2019-07-27 12:41:45,75.6,359.6,-45.30002,4.014,3.983,39,37,34.32,103.16,5860.0
1935,2019-07-27 12:41:53,76.0,359.7,-45.30002,4.015,3.984,39,37,34.35,103.27,5868.0
1936,2019-07-27 12:42:01,76.0,359.7,-45.30002,4.015,3.984,39,37,34.38,103.36,5876.0
1937,2019-07-27 12:42:09,76.0,359.7,-45.30002,4.016,3.985,39,37,34.42,103.46,5884.0
1938,2019-07-27 12:42:17,76.0,359.9,-45.30002,4.017,3.986,39,37,34.45,103.58,5892.0
1939,2019-07-27 12:42:25,76.0,359.9,-45.30002,4.019,3.986,39,37,34.49,103.67,5900.0
1940,2019-07-27 12:42:33,76.4,360.0,-45.30002,4.018,3.988,39,37,34.52,103.78,5908.0
1941,2019-07-27 12:42:41,76.4,360.0,-45.30002,4.019,3.989,39,37,34.55,103.88,5916.0
1942,2019-07-27 12:42:49,76.4,360.2,-45.30002,4.02,3.989,39,37,34.59,103.98,5924.0
1943,2019-07-27 12:42:57,76.4,360.2,-45.30002,4.021,3.99,39,37,34.62,104.08,5932.0
1944,2019-07-27 12:43:05,76.4,360.3,-45.30002,4.022,3.991,39,37,34.65,104.18,5940.0
1945,2019-07-27 12:43:13,76.4,360.3,-45.30002,4.023,3.992,39,37,34.69,104.29,5948.0
1946,2019-07-27 12:43:21,76.8,360.3,-45.30002,4.023,3.992,39,37,34.73,104.39,5956.0
1947,2019-07-27 12:43:29,76.8,360.5,-45.30002,4.024,3.993,39,37,34.76,104.49,5964.0
1948,2019-07-27 12:43:37,76.8,360.5,-45.30002,4.025,3.993,39,37,34.79,104.59,5972.0
1949,2019-07-27 12:43:45,76.8,360.5,-45.30002,4.025,3.994,39,37,34.83,104.71,5980.0
1950,2019-07-27 12:43:53,76.8,360.7,-45.30002,4.026,3.996,39,37,34.86,104.81,5988.0
1951,2019-07-27 12:44:01,77.2,360.7,-45.30002,4.027,3.996,39,37,34.9,104.91,5996.0
1952,2019-07-27 12:44:09,77.2,360.8,-45.30002,4.028,3.997,39,37,34.93,105.0,6004.0
1953,2019-07-27 12:44:17,77.2,361.0,-45.20001,4.028,3.998,39,37,34.96,105.11,6012.0
1954,2019-07-27 12:44:25,77.2,361.0,-45.20001,4.029,3.998,39,37,35.0,105.21,6020.0
1955,2019-07-27 12:44:33,77.2,361.0,-45.30002,4.03,3.998,39,37,35.03,105.31,6028.0
1956,2019-07-27 12:44:41,77.6,361.0,-45.30002,4.031,4.0,39,37,35.07,105.42,6036.0
1957,2019-07-27 12:44:49,77.6,361.1,-45.30002,4.032,4.001,39,37,35.1,105.52,6044.0
1958,2019-07-27 12:44:57,77.6,361.1,-45.30002,4.033,4.001,39,37,35.13,105.62,6052.0
1959,2019-07-27 12:45:05,77.6,361.3,-45.30002,4.033,4.002,39,37,35.16,105.72,6060.0
1960,2019-07-27 12:45:13,77.6,361.4,-45.30002,4.034,4.003,39,37,35.21,105.84,6068.0
1961,2019-07-27 12:45:21,78.0,361.4,-45.30002,4.035,4.003,39,37,35.24,105.94,6076.0
1962,2019-07-27 12:45:29,78.0,361.4,-45.30002,4.036,4.004,39,37,35.27,106.04,6084.0
1963,2019-07-27 12:45:37,78.0,361.6,-45.30002,4.036,4.005,39,37,35.31,106.14,6092.0
1964,2019-07-27 12:45:45,78.0,361.6,-45.30002,4.037,4.006,39,37,35.34,106.24,6100.0
1965,2019-07-27 12:45:53,78.0,361.8,-45.30002,4.037,4.007,39,37,35.37,106.33,6108.0
1966,2019-07-27 12:46:01,78.0,361.8,-45.30002,4.038,4.007,39,37,35.41,106.46,6116.0
1967,2019-07-27 12:46:09,78.4,361.9,-45.30002,4.039,4.008,39,37,35.44,106.55,6124.0
1968,2019-07-27 12:46:17,78.4,361.9,-45.30002,4.04,4.009,39,37,35.48,106.65,6132.0
1969,2019-07-27 12:46:25,78.4,361.9,-45.30002,4.04,4.01,39,37,35.51,106.75,6140.0
1970,2019-07-27 12:46:33,78.4,362.1,-45.30002,4.041,4.011,39,37,35.54,106.85,6148.0
1971,2019-07-27 12:46:41,78.4,362.1,-45.30002,4.043,4.011,39,37,35.57,106.95,6156.0
1972,2019-07-27 12:46:49,78.8,362.2,-45.30002,4.043,4.011,39,37,35.62,107.07,6164.0
1973,2019-07-27 12:46:57,78.8,362.2,-45.30002,4.044,4.013,39,37,35.65,107.17,6172.0
1974,2019-07-27 12:47:05,78.8,362.2,-45.30002,4.045,4.013,39,37,35.68,107.27,6180.0
1975,2019-07-27 12:47:13,78.8,362.4,-45.30002,4.046,4.014,39,37,35.72,107.37,6188.0
1976,2019-07-27 12:47:21,78.8,362.4,-45.30002,4.045,4.016,39,37,35.75,107.47,6196.0
1977,2019-07-27 12:47:29,79.2,362.5,-45.30002,4.048,4.015,39,37,35.78,107.57,6204.0
1978,2019-07-27 12:47:37,79.2,362.5,-45.30002,4.048,4.017,39,37,35.81,107.66,6212.0
1979,2019-07-27 12:47:45,79.2,362.7,-45.30002,4.048,4.017,39,37,35.85,107.79,6220.0
1980,2019-07-27 12:47:53,79.2,362.7,-45.30002,4.049,4.017,39,37,35.88,107.88,6228.0
1981,2019-07-27 12:48:01,79.2,362.8,-45.30002,4.05,4.018,39,37,35.92,107.98,6236.0
1982,2019-07-27 12:48:09,79.2,362.8,-45.30002,4.051,4.02,39,37,35.95,108.08,6244.0
1983,2019-07-27 12:48:17,79.6,362.8,-45.30002,4.051,4.02,39,37,35.99,108.2,6252.0
1984,2019-07-27 12:48:25,79.6,363.0,-45.30002,4.053,4.021,39,37,36.03,108.3,6260.0
1985,2019-07-27 12:48:33,79.6,363.0,-45.30002,4.053,4.021,39,37,36.05,108.4,6268.0
1986,2019-07-27 12:48:41,79.6,363.2,-45.30002,4.054,4.022,39,37,36.09,108.5,6276.0
1987,2019-07-27 12:48:49,79.6,363.2,-45.30002,4.055,4.023,39,37,36.13,108.6,6284.0
1988,2019-07-27 12:48:57,80.0,363.3,-45.30002,4.056,4.023,39,37,36.16,108.7,6292.0
1989,2019-07-27 12:49:05,80.0,363.3,-45.30002,4.056,4.024,39,37,36.2,108.81,6300.0
1990,2019-07-27 12:49:13,80.0,363.5,-45.30002,4.057,4.025,39,37,36.23,108.91,6308.0
1991,2019-07-27 12:49:21,80.0,363.5,-45.30002,4.058,4.026,39,37,36.26,109.02,6316.0
1992,2019-07-27 12:49:29,80.0,363.5,-45.30002,4.06,4.026,39,37,36.29,109.12,6324.0
1993,2019-07-27 12:49:37,80.4,363.6,-45.30002,4.06,4.028,39,37,36.33,109.21,6332.0
1994,2019-07-27 12:49:45,80.4,363.6,-45.30002,4.06,4.028,39,37,36.36,109.31,6340.0
1995,2019-07-27 12:49:53,80.4,363.6,-45.30002,4.062,4.029,39,37,36.4,109.43,6348.0
1996,2019-07-27 12:50:01,80.4,363.8,-45.30002,4.062,4.031,39,37,36.44,109.53,6356.0
1997,2019-07-27 12:50:09,80.4,363.9,-45.30002,4.063,4.031,39,37,36.46,109.63,6364.0
1998,2019-07-27 12:50:17,80.4,363.9,-45.30002,4.064,4.032,39,37,36.5,109.73,6372.0
1999,2019-07-27 12:50:25,80.8,363.9,-45.30002,4.065,4.032,39,37,36.53,109.83,6380.0
2000,2019-07-27 12:50:33,80.8,364.1,-45.30002,4.065,4.033,39,37,36.57,109.93,6388.0
2001,2019-07-27 12:50:41,80.8,364.3,-45.30002,4.065,4.034,39,37,36.6,110.04,6396.0
2002,2019-07-27 12:50:49,80.8,364.3,-45.30002,4.066,4.035,39,37,36.64,110.14,6404.0
2003,2019-07-27 12:50:57,80.8,364.3,-45.30002,4.068,4.035,39,37,36.67,110.24,6412.0
2004,2019-07-27 12:51:05,81.2,364.4,-45.30002,4.069,4.036,39,37,36.7,110.34,6420.0
2005,2019-07-27 12:51:13,81.2,364.4,-45.30002,4.069,4.036,39,37,36.74,110.45,6428.0
2006,2019-07-27 12:51:21,81.2,364.6,-45.30002,4.07,4.038,39,37,36.77,110.54,6436.0
2007,2019-07-27 12:51:29,81.2,364.7,-45.30002,4.071,4.039,39,37,36.81,110.66,6444.0
2008,2019-07-27 12:51:37,81.2,364.7,-45.30002,4.071,4.039,39,37,36.85,110.76,6452.0
2009,2019-07-27 12:51:45,81.6,364.9,-45.30002,4.072,4.04,39,37,36.87,110.86,6460.0
2010,2019-07-27 12:51:53,81.6,364.9,-45.30002,4.073,4.041,39,37,36.91,110.96,6468.0
2011,2019-07-27 12:52:01,81.6,364.9,-45.30002,4.074,4.042,39,37,36.94,111.06,6476.0
2012,2019-07-27 12:52:09,81.6,364.9,-45.30002,4.075,4.042,39,37,36.98,111.17,6484.0
2013,2019-07-27 12:52:17,81.6,365.0,-45.30002,4.076,4.043,39,37,37.01,111.27,6492.0
2014,2019-07-27 12:52:25,81.6,365.2,-45.30002,4.076,4.044,39,37,37.05,111.37,6500.0
2015,2019-07-27 12:52:33,82.0,365.2,-45.30002,4.077,4.045,39,37,37.08,111.47,6508.0
2016,2019-07-27 12:52:41,82.0,365.2,-45.30002,4.077,4.045,39,37,37.11,111.57,6516.0
2017,2019-07-27 12:52:49,82.0,365.3,-45.30002,4.079,4.047,39,37,37.15,111.67,6524.0
2018,2019-07-27 12:52:57,82.0,365.3,-45.30002,4.078,4.047,39,37,37.18,111.78,6532.0
2019,2019-07-27 12:53:05,82.0,365.5,-45.30002,4.08,4.048,39,37,37.22,111.89,6540.0
2020,2019-07-27 12:53:13,82.4,365.5,-45.30002,4.08,4.049,39,37,37.25,111.99,6548.0
2021,2019-07-27 12:53:21,82.4,365.7,-45.30002,4.081,4.05,39,37,37.28,112.09,6556.0
2022,2019-07-27 12:53:29,82.4,365.7,-45.20001,4.082,4.051,39,37,37.32,112.18,6564.0
2023,2019-07-27 12:53:37,82.4,365.8,-45.30002,4.083,4.051,39,37,37.35,112.29,6572.0
2024,2019-07-27 12:53:45,82.4,365.8,-45.30002,4.083,4.051,39,37,37.39,112.4,6580.0
2025,2019-07-27 12:53:53,82.8,366.0,-45.30002,4.085,4.053,39,37,37.42,112.5,6588.0
2026,2019-07-27 12:54:01,82.8,366.0,-45.30002,4.085,4.054,39,37,37.46,112.6,6596.0
2027,2019-07-27 12:54:09,82.8,366.0,-45.30002,4.087,4.054,39,37,37.49,112.7,6604.0
2028,2019-07-27 12:54:17,82.8,366.1,-45.30002,4.087,4.055,39,37,37.52,112.8,6612.0
2029,2019-07-27 12:54:25,82.8,366.1,-45.20001,4.088,4.056,39,37,37.56,112.9,6620.0
2030,2019-07-27 12:54:33,83.2,366.3,-45.30002,4.089,4.056,39,37,37.59,113.0,6628.0
2031,2019-07-27 12:54:41,83.2,366.3,-45.30002,4.09,4.057,39,37,37.62,113.1,6636.0
2032,2019-07-27 12:54:49,83.2,366.4,-45.30002,4.09,4.059,39,37,37.66,113.22,6644.0
2033,2019-07-27 12:54:57,83.2,366.4,-45.30002,4.091,4.059,39,37,37.69,113.32,6652.0
2034,2019-07-27 12:55:05,83.2,366.6,-45.30002,4.092,4.06,39,37,37.73,113.42,6660.0
2035,2019-07-27 12:55:13,83.2,366.6,-45.30002,4.092,4.061,39,37,37.77,113.54,6668.0
2036,2019-07-27 12:55:21,83.6,366.8,-45.30002,4.094,4.062,39,37,37.8,113.64,6676.0
2037,2019-07-27 12:55:29,83.6,366.8,-45.30002,4.094,4.063,39,37,37.83,113.73,6684.0
2038,2019-07-27 12:55:37,83.6,366.9,-45.30002,4.095,4.064,39,37,37.86,113.82,6692.0
2039,2019-07-27 12:55:45,83.6,366.9,-45.20001,4.096,4.064,39,37,37.89,113.93,6700.0
2040,2019-07-27 12:55:53,83.6,367.1,-45.30002,4.097,4.065,39,37,37.93,114.03,6708.0
2041,2019-07-27 12:56:01,84.0,367.1,-45.30002,4.097,4.066,39,37,37.97,114.13,6716.0
2042,2019-07-27 12:56:09,84.0,367.1,-45.30002,4.098,4.067,39,37,38.0,114.23,6724.0
2043,2019-07-27 12:56:17,84.0,367.2,-45.20001,4.099,4.067,39,37,38.03,114.33,6732.0
2044,2019-07-27 12:56:25,84.0,367.2,-45.30002,4.101,4.068,39,37,38.07,114.43,6740.0
2045,2019-07-27 12:56:33,84.0,367.4,-45.30002,4.101,4.069,39,37,38.1,114.55,6748.0
2046,2019-07-27 12:56:41,84.4,367.4,-45.20001,4.102,4.069,39,37,38.14,114.66,6756.0
2047,2019-07-27 12:56:49,84.4,367.5,-45.30002,4.103,4.071,39,37,38.18,114.77,6764.0
2048,2019-07-27 12:56:57,84.4,367.5,-45.30002,4.104,4.072,39,37,38.21,114.87,6772.0
2049,2019-07-27 12:57:05,84.4,367.7,-45.30002,4.104,4.072,39,37,38.23,114.94,6780.0
2050,2019-07-27 12:57:13,84.4,367.7,-45.30002,4.105,4.073,39,37,38.27,115.05,6788.0
2051,2019-07-27 12:57:21,84.4,367.8,-45.30002,4.106,4.074,39,37,38.3,115.15,6796.0
2052,2019-07-27 12:57:29,84.8,367.8,-45.30002,4.107,4.074,39,37,38.34,115.26,6804.0
2053,2019-07-27 12:57:37,84.8,367.8,-45.30002,4.108,4.076,39,37,38.38,115.36,6812.0
2054,2019-07-27 12:57:45,84.8,368.0,-45.30002,4.108,4.076,39,37,38.41,115.46,6820.0
2055,2019-07-27 12:57:53,84.8,368.2,-45.30002,4.108,4.076,39,37,38.44,115.56,6828.0
2056,2019-07-27 12:58:01,84.8,368.0,-45.30002,4.11,4.078,39,37,38.47,115.66,6836.0
2057,2019-07-27 12:58:09,85.2,368.2,-45.30002,4.11,4.079,39,37,38.51,115.78,6844.0
2058,2019-07-27 12:58:17,85.2,368.3,-45.20001,4.111,4.079,39,37,38.54,115.88,6852.0
2059,2019-07-27 12:58:25,85.2,368.3,-45.30002,4.113,4.081,39,37,38.58,115.99,6860.0
2060,2019-07-27 12:58:33,85.2,368.5,-45.30002,4.113,4.081,39,37,38.61,116.09,6868.0
2061,2019-07-27 12:58:41,85.2,368.5,-45.20001,4.114,4.082,39,37,38.65,116.2,6876.0
2062,2019-07-27 12:58:49,85.6,368.6,-45.30002,4.115,4.083,39,37,38.69,116.3,6884.0
2063,2019-07-27 12:58:57,85.6,368.6,-45.30002,4.115,4.084,39,37,38.71,116.38,6892.0
2064,2019-07-27 12:59:05,85.6,368.6,-45.30002,4.116,4.084,39,37,38.74,116.48,6900.0
2065,2019-07-27 12:59:13,85.6,368.8,-45.30002,4.117,4.085,39,37,38.79,116.59,6908.0
2066,2019-07-27 12:59:21,85.6,368.9,-45.30002,4.117,4.085,39,37,38.81,116.69,6916.0
2067,2019-07-27 12:59:29,85.6,368.9,-45.30002,4.119,4.087,39,37,38.85,116.79,6924.0
2068,2019-07-27 12:59:37,86.0,368.9,-45.30002,4.12,4.087,39,37,38.89,116.91,6932.0
2069,2019-07-27 12:59:45,86.0,369.1,-45.20001,4.12,4.088,39,37,38.92,117.01,6940.0
2070,2019-07-27 12:59:53,86.0,369.3,-45.20001,4.121,4.09,39,37,38.95,117.11,6948.0
2071,2019-07-27 13:00:01,86.0,369.3,-45.30002,4.122,4.09,39,37,38.99,117.21,6956.0
2072,2019-07-27 13:00:09,86.0,369.3,-45.20001,4.123,4.091,39,37,39.02,117.31,6964.0
2073,2019-07-27 13:00:18,86.4,369.3,-45.30002,4.123,4.091,39,37,39.05,117.41,6973.0
2074,2019-07-27 13:00:26,86.4,369.4,-45.30002,4.123,4.092,39,37,39.09,117.5,6981.0
2075,2019-07-27 13:00:34,86.4,369.4,-45.30002,4.125,4.093,39,37,39.12,117.6,6989.0
2076,2019-07-27 13:00:42,86.4,369.6,-45.30002,4.126,4.094,39,37,39.15,117.7,6997.0
2077,2019-07-27 13:00:50,86.4,369.7,-45.30002,4.127,4.094,39,37,39.19,117.81,7005.0
2078,2019-07-27 13:00:58,86.8,369.7,-45.30002,4.127,4.095,39,37,39.22,117.92,7013.0
2079,2019-07-27 13:01:06,86.8,369.9,-45.30002,4.129,4.097,39,37,39.26,118.02,7021.0
2080,2019-07-27 13:01:14,86.8,369.7,-45.20001,4.129,4.098,39,37,39.3,118.14,7029.0
2081,2019-07-27 13:01:22,86.8,369.9,-45.30002,4.13,4.098,39,37,39.33,118.24,7037.0
2082,2019-07-27 13:01:30,86.8,370.0,-45.20001,4.13,4.099,39,37,39.36,118.34,7045.0
2083,2019-07-27 13:01:38,86.8,370.0,-45.30002,4.131,4.1,39,37,39.4,118.44,7053.0
2084,2019-07-27 13:01:46,87.2,370.2,-45.20001,4.132,4.1,39,37,39.43,118.54,7061.0
2085,2019-07-27 13:01:54,87.2,370.2,-45.30002,4.134,4.102,39,37,39.46,118.64,7069.0
2086,2019-07-27 13:02:02,87.2,370.4,-45.30002,4.134,4.102,39,37,39.5,118.74,7077.0
2087,2019-07-27 13:02:10,87.2,370.4,-45.30002,4.134,4.102,39,37,39.53,118.83,7085.0
2088,2019-07-27 13:02:18,87.2,370.5,-45.30002,4.136,4.103,39,37,39.56,118.93,7093.0
2089,2019-07-27 13:02:26,87.6,370.5,-45.20001,4.137,4.104,39,37,39.6,119.03,7101.0
2090,2019-07-27 13:02:34,87.6,370.7,-45.30002,4.138,4.105,39,37,39.63,119.14,7109.0
2091,2019-07-27 13:02:42,87.6,370.7,-45.30002,4.138,4.106,39,37,39.67,119.25,7117.0
2092,2019-07-27 13:02:50,87.6,370.8,-45.30002,4.139,4.107,39,37,39.7,119.35,7125.0
2093,2019-07-27 13:02:58,87.6,370.8,-45.30002,4.139,4.108,39,37,39.74,119.47,7133.0
2094,2019-07-27 13:03:06,88.0,371.0,-45.20001,4.141,4.109,39,37,39.77,119.57,7141.0
2095,2019-07-27 13:03:14,88.0,371.0,-45.30002,4.141,4.109,39,37,39.81,119.67,7149.0
2096,2019-07-27 13:03:22,88.0,371.1,-45.30002,4.142,4.109,39,37,39.84,119.77,7157.0
2097,2019-07-27 13:03:30,88.0,371.1,-45.30002,4.143,4.111,39,37,39.87,119.87,7165.0
2098,2019-07-27 13:03:38,88.0,371.1,-45.20001,4.144,4.112,39,37,39.9,119.95,7173.0
2099,2019-07-27 13:03:46,88.0,371.3,-45.20001,4.145,4.112,39,37,39.94,120.07,7181.0
2100,2019-07-27 13:03:54,88.4,371.3,-45.30002,4.145,4.112,39,37,39.97,120.16,7189.0
2101,2019-07-27 13:04:02,88.4,371.4,-45.30002,4.147,4.114,39,37,40.01,120.26,7197.0
2102,2019-07-27 13:04:10,88.4,371.4,-45.30002,4.147,4.114,39,37,40.04,120.38,7205.0
2103,2019-07-27 13:04:18,88.4,371.6,-45.30002,4.148,4.115,39,37,40.08,120.48,7213.0
2104,2019-07-27 13:04:26,88.4,371.6,-45.30002,4.148,4.116,39,37,40.11,120.58,7221.0
2105,2019-07-27 13:04:34,88.8,371.8,-45.20001,4.149,4.117,39,37,40.14,120.68,7229.0
2106,2019-07-27 13:04:42,88.8,371.8,-45.20001,4.15,4.118,39,37,40.17,120.78,7237.0
2107,2019-07-27 13:04:50,88.8,371.9,-45.30002,4.151,4.118,39,37,40.21,120.88,7245.0
2108,2019-07-27 13:04:58,88.8,371.9,-45.30002,4.152,4.12,39,37,40.25,121.0,7253.0
2109,2019-07-27 13:05:06,88.8,372.1,-45.30002,4.152,4.121,39,37,40.28,121.1,7261.0
2110,2019-07-27 13:05:14,89.2,372.1,-45.30002,4.153,4.121,39,37,40.31,121.18,7269.0
2111,2019-07-27 13:05:22,89.2,372.2,-45.20001,4.154,4.122,39,37,40.34,121.28,7277.0
2112,2019-07-27 13:05:30,89.2,372.2,-45.30002,4.154,4.123,39,37,40.37,121.38,7285.0
2113,2019-07-27 13:05:38,89.2,372.2,-45.20001,4.156,4.123,39,37,40.41,121.49,7293.0
2114,2019-07-27 13:05:46,89.2,372.4,-45.30002,4.156,4.124,39,37,40.45,121.59,7301.0
2115,2019-07-27 13:05:54,89.2,372.4,-45.30002,4.157,4.126,39,37,40.48,121.71,7309.0
2116,2019-07-27 13:06:02,89.6,372.4,-45.20001,4.158,4.126,39,37,40.52,121.81,7317.0
2117,2019-07-27 13:06:10,89.6,372.5,-45.20001,4.159,4.127,39,37,40.55,121.91,7325.0
2118,2019-07-27 13:06:18,89.6,372.7,-45.30002,4.16,4.128,39,37,40.58,122.01,7333.0
2119,2019-07-27 13:06:26,89.6,372.7,-45.30002,4.16,4.128,39,37,40.62,122.11,7341.0
2120,2019-07-27 13:06:34,89.6,372.9,-45.30002,4.162,4.13,39,37,40.65,122.21,7349.0
2121,2019-07-27 13:06:42,90.0,372.9,-45.30002,4.162,4.13,39,37,40.68,122.31,7357.0
2122,2019-07-27 13:06:50,90.0,373.0,-45.20001,4.163,4.131,39,37,40.72,122.41,7365.0
2123,2019-07-27 13:06:58,90.0,373.0,-45.30002,4.163,4.131,39,37,40.75,122.51,7373.0
2124,2019-07-27 13:07:06,90.0,373.2,-45.20001,4.165,4.132,39,37,40.79,122.63,7381.0
2125,2019-07-27 13:07:14,90.0,373.2,-45.30002,4.166,4.133,39,37,40.82,122.73,7389.0
2126,2019-07-27 13:07:22,90.4,373.2,-45.20001,4.166,4.134,39,37,40.86,122.82,7397.0
2127,2019-07-27 13:07:30,90.4,373.3,-45.30002,4.167,4.135,39,37,40.89,122.92,7405.0
2128,2019-07-27 13:07:38,90.4,373.3,-45.30002,4.167,4.136,39,37,40.92,123.02,7413.0
2129,2019-07-27 13:07:46,90.4,373.5,-45.30002,4.168,4.136,39,37,40.96,123.12,7421.0
2130,2019-07-27 13:07:54,90.4,373.5,-45.30002,4.17,4.138,39,37,40.99,123.24,7429.0
2131,2019-07-27 13:08:02,90.4,373.6,-45.30002,4.17,4.138,39,37,41.03,123.34,7437.0
2132,2019-07-27 13:08:10,90.8,373.6,-45.30002,4.172,4.139,39,37,41.06,123.44,7445.0
2133,2019-07-27 13:08:18,90.8,373.8,-45.30002,4.172,4.14,39,37,41.09,123.53,7453.0
2134,2019-07-27 13:08:26,90.8,373.8,-45.20001,4.172,4.141,39,37,41.12,123.62,7461.0
2135,2019-07-27 13:08:34,90.8,373.8,-45.20001,4.173,4.141,39,37,41.16,123.72,7469.0
2136,2019-07-27 13:08:42,90.8,373.9,-45.20001,4.173,4.142,39,37,41.19,123.84,7477.0
2137,2019-07-27 13:08:50,91.2,374.1,-45.20001,4.176,4.143,39,37,41.23,123.94,7485.0
2138,2019-07-27 13:08:58,91.2,374.1,-45.30002,4.176,4.144,39,37,41.27,124.06,7493.0
2139,2019-07-27 13:09:06,91.2,374.3,-45.20001,4.177,4.145,39,37,41.3,124.15,7501.0
2140,2019-07-27 13:09:14,91.2,374.3,-45.20001,4.178,4.145,39,37,41.33,124.25,7509.0
2141,2019-07-27 13:09:22,91.2,374.3,-45.30002,4.177,4.146,39,37,41.37,124.35,7517.0
2142,2019-07-27 13:09:30,91.6,374.4,-45.20001,4.179,4.147,39,37,41.4,124.45,7525.0
2143,2019-07-27 13:09:38,91.6,374.4,-45.20001,4.179,4.148,39,37,41.43,124.55,7533.0
2144,2019-07-27 13:09:46,91.6,374.6,-45.20001,4.181,4.148,39,37,41.47,124.66,7541.0
2145,2019-07-27 13:09:54,91.6,374.6,-45.20001,4.182,4.149,39,37,41.5,124.77,7549.0
2146,2019-07-27 13:10:02,91.6,374.7,-45.20001,4.182,4.15,39,37,41.53,124.86,7557.0
2147,2019-07-27 13:10:10,91.6,374.7,-45.30002,4.183,4.151,39,37,41.57,124.99,7565.0
2148,2019-07-27 13:10:18,92.0,374.9,-45.20001,4.184,4.152,39,37,41.61,125.09,7573.0
2149,2019-07-27 13:10:26,92.0,374.9,-45.30002,4.185,4.153,39,37,41.64,125.19,7581.0
2150,2019-07-27 13:10:34,92.0,375.0,-45.20001,4.185,4.154,39,37,41.68,125.29,7589.0
2151,2019-07-27 13:10:42,92.0,375.0,-45.30002,4.187,4.155,39,37,41.71,125.39,7597.0
2152,2019-07-27 13:10:50,92.0,375.0,-45.20001,4.188,4.156,39,37,41.73,125.47,7605.0
2153,2019-07-27 13:10:59,92.4,375.2,-45.20001,4.187,4.156,39,37,41.78,125.58,7614.0
2154,2019-07-27 13:11:07,92.4,375.2,-45.20001,4.188,4.156,39,37,41.8,125.68,7622.0
2155,2019-07-27 13:11:15,92.4,375.2,-45.20001,4.189,4.158,39,37,41.84,125.78,7630.0
2156,2019-07-27 13:11:18,92.4,375.4,-45.20001,4.19,4.159,39,37,41.86,125.83,7633.0
2157,2019-07-27 13:11:26,92.4,375.5,-45.30002,4.191,4.159,39,37,41.89,125.93,7641.0
2158,2019-07-27 13:11:34,92.4,375.5,-45.20001,4.192,4.16,39,37,41.92,126.01,7649.0
2159,2019-07-27 13:11:42,92.8,375.7,-45.30002,4.192,4.161,39,37,41.96,126.14,7657.0
2160,2019-07-27 13:11:50,92.8,375.7,-45.30002,4.194,4.161,39,37,41.99,126.23,7665.0
2161,2019-07-27 13:11:58,92.8,375.8,-45.20001,4.194,4.163,39,37,42.03,126.35,7673.0
2162,2019-07-27 13:12:06,92.8,375.8,-45.30002,4.195,4.163,39,37,42.06,126.45,7681.0
2163,2019-07-27 13:12:14,92.8,375.8,-45.20001,4.195,4.163,39,37,42.09,126.55,7689.0
2164,2019-07-27 13:12:22,93.2,376.0,-45.20001,4.196,4.164,39,37,42.13,126.65,7697.0
2165,2019-07-27 13:12:30,93.2,376.0,-45.30002,4.198,4.166,39,37,42.16,126.75,7705.0
2166,2019-07-27 13:12:38,93.2,376.1,-45.30002,4.198,4.167,39,37,42.19,126.85,7713.0
2167,2019-07-27 13:12:46,93.2,376.1,-45.20001,4.199,4.167,39,37,42.24,126.96,7721.0
2168,2019-07-27 13:12:54,93.2,376.3,-45.20001,4.199,4.167,39,37,42.26,127.05,7729.0
2169,2019-07-27 13:13:02,93.6,376.3,-45.20001,4.2,4.169,39,37,42.3,127.16,7737.0
2170,2019-07-27 13:13:10,93.6,376.3,-45.20001,4.201,4.17,39,37,42.34,127.28,7745.0
2171,2019-07-27 13:13:18,93.6,376.4,-45.30002,4.202,4.17,40,37,42.37,127.36,7753.0
2172,2019-07-27 13:13:26,93.6,376.6,-45.30002,4.203,4.171,40,37,42.4,127.47,7761.0
2173,2019-07-27 13:13:34,93.6,376.6,-45.30002,4.203,4.172,40,37,42.43,127.56,7769.0
2174,2019-07-27 13:13:42,93.6,376.6,-45.20001,4.204,4.173,40,37,42.47,127.66,7777.0
2175,2019-07-27 13:13:50,94.0,376.8,-45.20001,4.205,4.174,39,37,42.5,127.78,7785.0
2176,2019-07-27 13:13:58,94.0,376.8,-45.20001,4.206,4.175,39,37,42.54,127.88,7793.0
2177,2019-07-27 13:14:06,94.0,376.9,-45.30002,4.206,4.175,40,37,42.57,127.98,7801.0
2178,2019-07-27 13:14:14,94.0,376.9,-45.20001,4.207,4.176,40,37,42.6,128.08,7809.0
2179,2019-07-27 13:14:22,94.0,377.1,-45.20001,4.209,4.177,40,37,42.64,128.18,7817.0
2180,2019-07-27 13:14:30,94.4,377.1,-45.20001,4.209,4.177,40,37,42.67,128.28,7825.0
2181,2019-07-27 13:14:38,94.4,377.1,-45.20001,4.21,4.178,40,37,42.71,128.39,7833.0
2182,2019-07-27 13:14:46,94.4,377.2,-45.30002,4.211,4.179,40,37,42.74,128.49,7841.0
2183,2019-07-27 13:14:54,94.4,377.4,-45.20001,4.212,4.18,39,37,42.78,128.59,7849.0
2184,2019-07-27 13:15:02,94.4,377.4,-45.30002,4.213,4.18,40,37,42.81,128.69,7857.0
2185,2019-07-27 13:15:10,94.4,377.4,-45.20001,4.213,4.182,40,37,42.84,128.8,7865.0
2186,2019-07-27 13:15:18,94.8,377.4,-45.30002,4.214,4.182,40,37,42.88,128.89,7873.0
2187,2019-07-27 13:15:26,94.8,377.5,-45.30002,4.215,4.183,40,37,42.9,128.99,7881.0
2188,2019-07-27 13:15:34,94.8,377.7,-45.30002,4.216,4.183,40,37,42.94,129.09,7889.0
2189,2019-07-27 13:15:42,94.8,377.7,-45.20001,4.216,4.185,39,37,42.98,129.19,7897.0
2190,2019-07-27 13:15:50,94.8,377.9,-45.30002,4.217,4.185,39,37,43.01,129.31,7905.0
2191,2019-07-27 13:15:58,95.2,377.9,-45.20001,4.218,4.186,40,37,43.05,129.41,7913.0
2192,2019-07-27 13:16:06,95.2,378.0,-45.30002,4.219,4.187,40,37,43.08,129.51,7921.0
2193,2019-07-27 13:16:14,95.2,378.0,-45.20001,4.22,4.188,40,37,43.12,129.62,7929.0
2194,2019-07-27 13:16:22,95.2,378.2,-45.30002,4.221,4.188,40,37,43.15,129.71,7937.0
2195,2019-07-27 13:16:30,95.2,378.2,-45.30002,4.221,4.189,40,37,43.18,129.81,7945.0
2196,2019-07-27 13:16:38,95.6,378.3,-45.20001,4.222,4.191,40,37,43.21,129.91,7953.0
2197,2019-07-27 13:16:46,95.6,378.5,-45.20001,4.223,4.191,40,37,43.25,130.02,7961.0
2198,2019-07-27 13:16:54,95.6,378.3,-45.20001,4.224,4.192,40,37,43.29,130.12,7969.0
2199,2019-07-27 13:17:02,95.6,378.5,-45.20001,4.225,4.192,40,37,43.31,130.22,7977.0
2200,2019-07-27 13:17:10,95.6,378.5,-45.30002,4.224,4.193,40,37,43.35,130.32,7985.0
2201,2019-07-27 13:17:18,95.6,378.6,-45.30002,4.226,4.195,40,37,43.39,130.42,7993.0
2202,2019-07-27 13:17:26,96.0,378.6,-45.30002,4.227,4.195,40,37,43.41,130.52,8001.0
2203,2019-07-27 13:17:34,96.0,378.6,-45.30002,4.228,4.195,40,37,43.46,130.64,8009.0
2204,2019-07-27 13:17:42,96.0,378.8,-45.20001,4.229,4.196,40,37,43.49,130.74,8017.0
2205,2019-07-27 13:17:50,96.0,378.9,-45.30002,4.23,4.197,40,37,43.52,130.84,8025.0
2206,2019-07-27 13:17:58,96.0,378.9,-45.20001,4.23,4.198,40,37,43.55,130.94,8033.0
2207,2019-07-27 13:18:06,96.4,379.1,-45.20001,4.232,4.199,40,37,43.59,131.04,8041.0
2208,2019-07-27 13:18:14,96.4,379.1,-45.30002,4.232,4.2,40,37,43.62,131.14,8049.0
2209,2019-07-27 13:18:22,96.4,379.3,-45.20001,4.233,4.201,40,37,43.65,131.24,8057.0
2210,2019-07-27 13:18:30,96.4,379.3,-45.20001,4.234,4.202,40,37,43.7,131.35,8065.0
2211,2019-07-27 13:18:38,96.4,379.4,-45.20001,4.235,4.203,40,37,43.72,131.45,8073.0
2212,2019-07-27 13:18:46,96.8,379.4,-45.20001,4.235,4.203,40,37,43.76,131.55,8081.0
2213,2019-07-27 13:18:54,96.8,379.6,-45.20001,4.236,4.204,40,37,43.8,131.65,8089.0
2214,2019-07-27 13:19:02,96.8,379.6,-45.20001,4.236,4.204,40,37,43.82,131.75,8097.0
2215,2019-07-27 13:19:10,96.8,379.6,-45.20001,4.238,4.206,40,37,43.87,131.86,8105.0
2216,2019-07-27 13:19:18,96.8,379.7,-45.30002,4.238,4.206,40,37,43.9,131.96,8113.0
2217,2019-07-27 13:19:26,96.8,379.9,-45.30002,4.239,4.207,40,37,43.93,132.07,8121.0
2218,2019-07-27 13:19:34,97.2,378.9,-14.70001,4.221,4.199,40,37,43.96,132.15,8129.0
2219,2019-07-27 13:19:42,97.2,378.8,-14.70001,4.22,4.197,40,37,43.97,132.18,8137.0
2220,2019-07-27 13:19:50,97.2,378.6,-14.70001,4.218,4.196,40,37,43.98,132.23,8145.0
2221,2019-07-27 13:19:58,97.2,378.6,-14.70001,4.217,4.195,40,37,44.0,132.27,8153.0
2222,2019-07-27 13:20:06,97.2,378.6,-14.70001,4.218,4.195,40,37,44.01,132.3,8161.0
2223,2019-07-27 13:20:14,97.2,378.6,-14.70001,4.217,4.194,40,37,44.02,132.33,8169.0
2224,2019-07-27 13:20:22,97.2,378.6,-14.70001,4.218,4.195,40,37,44.03,132.37,8177.0
2225,2019-07-27 13:20:30,97.2,378.6,-14.70001,4.217,4.195,40,37,44.05,132.42,8185.0
2226,2019-07-27 13:20:38,97.2,378.6,-14.70001,4.217,4.195,40,37,44.05,132.45,8193.0
2227,2019-07-27 13:20:46,97.2,378.6,-14.70001,4.217,4.195,40,37,44.07,132.48,8201.0
2228,2019-07-27 13:20:54,97.2,378.6,-14.70001,4.217,4.195,40,37,44.08,132.52,8209.0
2229,2019-07-27 13:21:02,97.2,378.6,-14.70001,4.217,4.195,40,37,44.09,132.55,8217.0
2230,2019-07-27 13:21:10,97.2,378.6,-14.70001,4.218,4.195,40,37,44.1,132.58,8225.0
